,,Tibetan,,,,,,,,,,,,,,Northeast   Asia ,,,,,Southeast   Asia ,,,,South Asia,,,,,,West Asia,,,,,,,,,,,,,,,,,,,,,,,,,,,,,,,,,,,,,,,,,
,N,80 ,243 ,415 ,203 ,82 ,134 ,90 ,50 ,53 ,850 ,331 ,635 ,168 ,,342,526,231,198,,210,210,106,,328,120,128,122,127,,120,333,103,,,,,,,,,,,,,,,,,,,,,,,,,,,,,,,,,,,,,,,
Locus 1,D8S1179,Ngari,Qamdo,Lhasa,Nagqu,Nyingchi,Xigaz那,Shannan,Aba,Garz那,Qinghai,Yunnan,Gannan,Tianzhu,,Liaoning Han,Japanese,Korean,Mongolian,,Thailand,Malaysia malay,Philippine,,Pakistan,"Oraon,India","Munda,India","Santal,India",Bangladesh,,Iran,Afghanistan,Iraq,,,,,,,,,,,,,,,,,,,,,,,,,,,,,,,,,,,,,,,
,8,0.0000 ,0.0000 ,0.0000 ,0.0025 ,0.0061 ,0.0000 ,0.0000 ,0.0100 ,0.0000 ,0.0018 ,0.0015 ,0.0016 ,0.0000 ,,0.0037 ,0.0000 ,0.0000 ,0.0051 ,,0.0000 ,0.0000 ,0.0000 ,,0.0139 ,0.0080 ,0.0000 ,0.0000 ,0.0039 ,,0.0040 ,0.0150 ,0.0146 ,,,,,,,,,,,,,,,,,,,,,,,,,,,,,,,,,,,,,,,
,9,0.0000 ,0.0000 ,0.0000 ,0.0000 ,0.0000 ,0.0000 ,0.0000 ,0.0000 ,0.0000 ,0.0018 ,0.0015 ,0.0000 ,0.0000 ,,0.0000 ,0.0020 ,0.0020 ,0.0000 ,,0.0000 ,0.0050 ,0.0000 ,,0.0069 ,0.0000 ,0.0000 ,0.0000 ,0.0039 ,,0.0119 ,0.0060 ,0.0049 ,,,,,,,,,,,,,,,,,,,,,,,,,,,,,,,,,,,,,,,
,10,0.0813 ,0.0844 ,0.1169 ,0.0862 ,0.0976 ,0.0933 ,0.1500 ,0.0500 ,0.0943 ,0.1059 ,0.0906 ,0.1008 ,0.1131 ,,0.0960 ,0.1280 ,0.1520 ,0.0960 ,,0.1480 ,0.0950 ,0.0850 ,,0.1574 ,0.1500 ,0.1310 ,0.0820 ,0.1850 ,,0.1111 ,0.1170 ,0.0777 ,,,,,,,,,,,,,,,,,,,,,,,,,,,,,,,,,,,,,,,
,11,0.0125 ,0.0453 ,0.0229 ,0.0296 ,0.0122 ,0.0224 ,0.0500 ,0.0100 ,0.0094 ,0.0324 ,0.0196 ,0.0244 ,0.0595 ,,0.0768 ,0.1030 ,0.0840 ,0.0505 ,,0.1170 ,0.0880 ,0.1370 ,,0.0647 ,0.0420 ,0.0230 ,0.0490 ,0.0748 ,,0.0833 ,0.0520 ,0.1165 ,,,,,,,,,,,,,,,,,,,,,,,,,,,,,,,,,,,,,,,
,12,0.1625 ,0.1708 ,0.1446 ,0.1429 ,0.1280 ,0.0858 ,0.1111 ,0.1800 ,0.1604 ,0.1353 ,0.1752 ,0.1331 ,0.1310 ,,0.1271 ,0.1010 ,0.1800 ,0.1288 ,,0.1260 ,0.1050 ,0.0420 ,,0.0976 ,0.0920 ,0.0690 ,0.0980 ,0.0984 ,,0.1032 ,0.1060 ,0.1359 ,,,,,,,,,,,,,,,,,,,,,,,,,,,,,,,,,,,,,,,
,13,0.1938 ,0.2099 ,0.2265 ,0.2241 ,0.2622 ,0.2500 ,0.2500 ,0.2500 ,0.2925 ,0.2482 ,0.2390 ,0.2496 ,0.2411 ,,0.2194 ,0.2400 ,0.2190 ,0.2955 ,,0.1670 ,0.1760 ,0.2640 ,,0.1892 ,0.1080 ,0.1080 ,0.0980 ,0.1811 ,,0.2778 ,0.2730 ,0.2136 ,,,,,,,,,,,,,,,,,,,,,,,,,,,,,,,,,,,,,,,
,14,0.2188 ,0.1975 ,0.1867 ,0.2044 ,0.2195 ,0.2127 ,0.1944 ,0.2000 ,0.1698 ,0.2241 ,0.2054 ,0.2102 ,0.1964 ,,0.2148 ,0.2180 ,0.1600 ,0.1540 ,,0.1690 ,0.1900 ,0.1790 ,,0.1942 ,0.3080 ,0.2080 ,0.2210 ,0.2126 ,,0.2143 ,0.2330 ,0.1408 ,,,,,,,,,,,,,,,,,,,,,,,,,,,,,,,,,,,,,,,
,15,0.2000 ,0.1872 ,0.1867 ,0.1970 ,0.2012 ,0.1978 ,0.1500 ,0.2100 ,0.1509 ,0.1541 ,0.1647 ,0.1850 ,0.1786 ,,0.1691 ,0.1340 ,0.1410 ,0.1717 ,,0.1670 ,0.2070 ,0.1180 ,,0.2002 ,0.1750 ,0.3000 ,0.3110 ,0.1693 ,,0.1230 ,0.1380 ,0.2184 ,,,,,,,,,,,,,,,,,,,,,,,,,,,,,,,,,,,,,,,
,16,0.0938 ,0.0823 ,0.1012 ,0.1010 ,0.0610 ,0.1306 ,0.0944 ,0.0700 ,0.1132 ,0.0771 ,0.0861 ,0.0866 ,0.0774 ,,0.0713 ,0.0650 ,0.0450 ,0.0783 ,,0.0830 ,0.1120 ,0.1320 ,,0.0488 ,0.1000 ,0.1380 ,0.1150 ,0.0433 ,,0.0714 ,0.0520 ,0.0583 ,,,,,,,,,,,,,,,,,,,,,,,,,,,,,,,,,,,,,,,
,17,0.0375 ,0.0185 ,0.0133 ,0.0123 ,0.0122 ,0.0075 ,0.0000 ,0.0200 ,0.0094 ,0.0182 ,0.0166 ,0.0079 ,0.0030 ,,0.0174 ,0.0090 ,0.0170 ,0.0101 ,,0.0170 ,0.0170 ,0.0420 ,,0.0229 ,0.0170 ,0.0230 ,0.0160 ,0.0276 ,,0.0000 ,0.0080 ,0.0194 ,,,,,,,,,,,,,,,,,,,,,,,,,,,,,,,,,,,,,,,
,18,0.0000 ,0.0041 ,0.0012 ,0.0000 ,0.0000 ,0.0000 ,0.0000 ,0.0000 ,0.0000 ,0.0012 ,0.0000 ,0.0008 ,0.0000 ,,0.0046 ,0.0000 ,0.0000 ,0.0101 ,,0.0070 ,0.0050 ,0.0000 ,,0.0039 ,0.0000 ,0.0000 ,0.0080 ,0.0000 ,,0.0000 ,0.0000 ,0.0000 ,,,,,,,,,,,,,,,,,,,,,,,,,,,,,,,,,,,,,,,
,,,,,,,,,,,,,,,,,,,,,,,,,,,,,,,,,,,,,,,,,,,,,,,,,,,,,,,,,,,,,,,,,,,,,,,,
,,,,,,,,,,,,,,,,,,,,,,,,,,,,,,,,,,,,,,,,,,,,,,,,,,,,,,,,,,,,,,,,,,,,,,,,
Locus 2,D21S11  ,Ngari,Qamdo,Lhasa,Nagqu,Nyingchi,Xigaz那,Shannan,Aba,Garz那,Qinghai,Yunnan,Gannan,Tianzhu,,Liaoning Han,Japanese,Korean,Mongolian,,Thailand,Malaysia malay,Philippine,,Pakistan,Oraon,Munda,Santal,Bangladesh,,Iran,Afghanistan,Iraq,,,,,,,,,,,,,,,,,,,,,,,,,,,,,,,,,,,,,,,
,24,0.0000 ,0.0000 ,0.0000 ,0.0025 ,0.0000 ,0.0000 ,0.0000 ,0.0000 ,0.0000 ,0.0000 ,0.0000 ,0.0000 ,0.0000 ,,0.0000 ,0.0000 ,0.0000 ,0.0000 ,,0.0000 ,0.0000 ,0.0000 ,,0.0000 ,0.0000 ,0.0000 ,0.0000 ,0.0000 ,,0.0000 ,0.0000 ,0.0000 ,,,,,,,,,,,,,,,,,,,,,,,,,,,,,,,,,,,,,,,
,25,0.0000 ,0.0000 ,0.0000 ,0.0000 ,0.0000 ,0.0000 ,0.0000 ,0.0000 ,0.0000 ,0.0000 ,0.0000 ,0.0000 ,0.0000 ,,0.0000 ,0.0000 ,0.0000 ,0.0000 ,,0.0000 ,0.0000 ,0.0000 ,,0.0000 ,0.0000 ,0.0000 ,0.0000 ,0.0039 ,,0.0000 ,0.0000 ,0.0000 ,,,,,,,,,,,,,,,,,,,,,,,,,,,,,,,,,,,,,,,
,26,0.0000 ,0.0000 ,0.0000 ,0.0000 ,0.0061 ,0.0000 ,0.0000 ,0.0000 ,0.0000 ,0.0000 ,0.0000 ,0.0000 ,0.0000 ,,0.0000 ,0.0000 ,0.0000 ,0.0000 ,,0.0000 ,0.0000 ,0.0050 ,,0.0009 ,0.0000 ,0.0000 ,0.0000 ,0.0039 ,,0.0000 ,0.0060 ,0.0000 ,,,,,,,,,,,,,,,,,,,,,,,,,,,,,,,,,,,,,,,
,27,0.0063 ,0.0082 ,0.0181 ,0.0000 ,0.0061 ,0.0149 ,0.0333 ,0.0000 ,0.0000 ,0.0018 ,0.0015 ,0.0032 ,0.0060 ,,0.0009 ,0.0000 ,0.0000 ,0.0025 ,,0.0050 ,0.0020 ,0.0140 ,,0.0139 ,0.0000 ,0.0000 ,0.0160 ,0.0039 ,,0.0120 ,0.0220 ,0.0248 ,,,,,,,,,,,,,,,,,,,,,,,,,,,,,,,,,,,,,,,
,27.2,0.0000 ,0.0000 ,0.0000 ,0.0000 ,0.0000 ,0.0000 ,0.0000 ,0.0000 ,0.0000 ,0.0000 ,0.0000 ,0.0000 ,0.0000 ,,0.0000 ,0.0000 ,0.0000 ,0.0000 ,,0.0000 ,0.0000 ,0.0000 ,,0.0000 ,0.0080 ,0.0000 ,0.0000 ,0.0000 ,,0.0000 ,0.0000 ,0.0000 ,,,,,,,,,,,,,,,,,,,,,,,,,,,,,,,,,,,,,,,
,28,0.0125 ,0.0185 ,0.0289 ,0.0443 ,0.0305 ,0.0187 ,0.0389 ,0.0500 ,0.0283 ,0.0429 ,0.0302 ,0.0299 ,0.0298 ,,0.0457 ,0.0480 ,0.0370 ,0.0657 ,,0.0640 ,0.0620 ,0.0380 ,,0.1573 ,0.0670 ,0.0550 ,0.0820 ,0.1339 ,,0.1720 ,0.2010 ,0.1139 ,,,,,,,,,,,,,,,,,,,,,,,,,,,,,,,,,,,,,,,
,28.2,0.0750 ,0.0350 ,0.0482 ,0.0468 ,0.0366 ,0.0410 ,0.0444 ,0.0300 ,0.0943 ,0.0288 ,0.0393 ,0.0378 ,0.0208 ,,0.0119 ,0.0060 ,0.0090 ,0.0152 ,,0.0000 ,0.0000 ,0.0000 ,,0.0000 ,0.0000 ,0.0080 ,0.0000 ,0.0000 ,,0.0000 ,0.0020 ,0.0000 ,,,,,,,,,,,,,,,,,,,,,,,,,,,,,,,,,,,,,,,
,29,0.2625 ,0.2654 ,0.2735 ,0.2315 ,0.2256 ,0.2687 ,0.2500 ,0.3100 ,0.2830 ,0.2494 ,0.2675 ,0.2601 ,0.2530 ,,0.2596 ,0.2680 ,0.2510 ,0.2348 ,,0.2500 ,0.2360 ,0.2120 ,,0.1773 ,0.2830 ,0.2970 ,0.2460 ,0.2520 ,,0.2440 ,0.1590 ,0.2228 ,,,,,,,,,,,,,,,,,,,,,,,,,,,,,,,,,,,,,,,
,29.2,0.0125 ,0.0103 ,0.0084 ,0.0049 ,0.0061 ,0.0075 ,0.0111 ,0.0000 ,0.0094 ,0.0053 ,0.0045 ,0.0024 ,0.0119 ,,0.0046 ,0.0040 ,0.0000 ,0.0000 ,,0.0000 ,0.0020 ,0.0000 ,,0.0019 ,0.0080 ,0.0080 ,0.0080 ,0.0039 ,,0.0000 ,0.0110 ,0.0000 ,,,,,,,,,,,,,,,,,,,,,,,,,,,,,,,,,,,,,,,
,29.3,0.0000 ,0.0000 ,0.0000 ,0.0000 ,0.0000 ,0.0000 ,0.0000 ,0.0000 ,0.0000 ,0.0000 ,0.0000 ,0.0000 ,0.0000 ,,0.0000 ,0.0000 ,0.0000 ,0.0000 ,,0.0000 ,0.0000 ,0.0000 ,,0.0019 ,0.0000 ,0.0000 ,0.0000 ,0.0000 ,,0.0000 ,0.0000 ,0.0000 ,,,,,,,,,,,,,,,,,,,,,,,,,,,,,,,,,,,,,,,
,30,0.2375 ,0.2572 ,0.1952 ,0.1970 ,0.3110 ,0.2201 ,0.2000 ,0.2000 ,0.2453 ,0.2588 ,0.2492 ,0.2340 ,0.2738 ,,0.3117 ,0.3280 ,0.3740 ,0.2601 ,,0.2520 ,0.2120 ,0.2170 ,,0.1753 ,0.2170 ,0.1880 ,0.1390 ,0.2441 ,,0.2120 ,0.1720 ,0.2426 ,,,,,,,,,,,,,,,,,,,,,,,,,,,,,,,,,,,,,,,
,30.2,0.0125 ,0.0123 ,0.0349 ,0.0468 ,0.0244 ,0.0448 ,0.0333 ,0.0000 ,0.0283 ,0.0306 ,0.0453 ,0.0205 ,0.0268 ,,0.0091 ,0.0040 ,0.0040 ,0.0076 ,,0.0480 ,0.0480 ,0.0050 ,,0.0199 ,0.0050 ,0.0080 ,0.0250 ,0.0276 ,,0.0280 ,0.0300 ,0.0149 ,,,,,,,,,,,,,,,,,,,,,,,,,,,,,,,,,,,,,,,
,30.3,0.0000 ,0.0000 ,0.0000 ,0.0000 ,0.0000 ,0.0000 ,0.0000 ,0.0000 ,0.0000 ,0.0000 ,0.0000 ,0.0016 ,0.0060 ,,0.0073 ,0.0000 ,0.0000 ,0.0051 ,,0.0000 ,0.0000 ,0.0000 ,,0.0000 ,0.0000 ,0.0000 ,0.0000 ,0.0000 ,,0.0000 ,0.0000 ,0.0000 ,,,,,,,,,,,,,,,,,,,,,,,,,,,,,,,,,,,,,,,
,31,0.0625 ,0.1070 ,0.0904 ,0.0862 ,0.0488 ,0.1007 ,0.1056 ,0.1200 ,0.0943 ,0.0982 ,0.0997 ,0.0867 ,0.1101 ,,0.0868 ,0.1010 ,0.0970 ,0.0682 ,,0.0790 ,0.1240 ,0.1980 ,,0.0368 ,0.0420 ,0.0390 ,0.0570 ,0.0276 ,,0.0440 ,0.0370 ,0.0396 ,,,,,,,,,,,,,,,,,,,,,,,,,,,,,,,,,,,,,,,
,31.2,0.0750 ,0.1049 ,0.0855 ,0.1084 ,0.0732 ,0.0560 ,0.0778 ,0.0900 ,0.1038 ,0.0724 ,0.0725 ,0.1119 ,0.0804 ,,0.0594 ,0.0520 ,0.0710 ,0.1212 ,,0.0710 ,0.0740 ,0.0610 ,,0.1324 ,0.1330 ,0.1720 ,0.1480 ,0.1299 ,,0.1120 ,0.1270 ,0.1040 ,,,,,,,,,,,,,,,,,,,,,,,,,,,,,,,,,,,,,,,
,32,0.0375 ,0.0247 ,0.0253 ,0.0197 ,0.0488 ,0.0075 ,0.0167 ,0.0300 ,0.0000 ,0.0218 ,0.0242 ,0.0126 ,0.0238 ,,0.0329 ,0.0200 ,0.0240 ,0.0278 ,,0.0260 ,0.0260 ,0.0420 ,,0.0099 ,0.0080 ,0.0390 ,0.0330 ,0.0118 ,,0.0080 ,0.0040 ,0.0000 ,,,,,,,,,,,,,,,,,,,,,,,,,,,,,,,,,,,,,,,
,32.2,0.1375 ,0.1152 ,0.1193 ,0.1232 ,0.1341 ,0.1418 ,0.1056 ,0.1400 ,0.0660 ,0.1335 ,0.1254 ,0.1387 ,0.1220 ,,0.1170 ,0.1210 ,0.0760 ,0.1389 ,,0.1240 ,0.1550 ,0.1560 ,,0.1872 ,0.1080 ,0.0860 ,0.1480 ,0.1142 ,,0.1240 ,0.1640 ,0.1485 ,,,,,,,,,,,,,,,,,,,,,,,,,,,,,,,,,,,,,,,
,32.3,0.0000 ,0.0000 ,0.0000 ,0.0000 ,0.0000 ,0.0000 ,0.0000 ,0.0100 ,0.0000 ,0.0000 ,0.0000 ,0.0000 ,0.0000 ,,0.0000 ,0.0000 ,0.0000 ,0.0000 ,,0.0000 ,0.0000 ,0.0000 ,,0.0000 ,0.0000 ,0.0000 ,0.0000 ,0.0000 ,,0.0000 ,0.0000 ,0.0000 ,,,,,,,,,,,,,,,,,,,,,,,,,,,,,,,,,,,,,,,
,33,0.0000 ,0.0000 ,0.0000 ,0.0000 ,0.0000 ,0.0075 ,0.0000 ,0.0000 ,0.0000 ,0.0018 ,0.0015 ,0.0032 ,0.0060 ,,0.0027 ,0.0030 ,0.0060 ,0.0000 ,,0.0000 ,0.0000 ,0.0000 ,,0.0019 ,0.0000 ,0.0310 ,0.0000 ,0.0000 ,,0.0040 ,0.0020 ,0.0000 ,,,,,,,,,,,,,,,,,,,,,,,,,,,,,,,,,,,,,,,
,33.1,0.0000 ,0.0000 ,0.0000 ,0.0000 ,0.0000 ,0.0000 ,0.0000 ,0.0000 ,0.0000 ,0.0000 ,0.0000 ,0.0047 ,0.0000 ,,0.0000 ,0.0000 ,0.0000 ,0.0000 ,,0.0000 ,0.0000 ,0.0000 ,,0.0000 ,0.0000 ,0.0000 ,0.0000 ,0.0000 ,,0.0000 ,0.0000 ,0.0000 ,,,,,,,,,,,,,,,,,,,,,,,,,,,,,,,,,,,,,,,
,33.2,0.0688 ,0.0370 ,0.0614 ,0.0837 ,0.0427 ,0.0672 ,0.0778 ,0.0200 ,0.0472 ,0.0482 ,0.0332 ,0.0489 ,0.0268 ,,0.0411 ,0.0410 ,0.0410 ,0.0480 ,,0.0640 ,0.0500 ,0.0420 ,,0.0747 ,0.0670 ,0.0700 ,0.0900 ,0.0276 ,,0.0240 ,0.0590 ,0.0693 ,,,,,,,,,,,,,,,,,,,,,,,,,,,,,,,,,,,,,,,
,34,0.0000 ,0.0000 ,0.0000 ,0.0000 ,0.0000 ,0.0000 ,0.0000 ,0.0000 ,0.0000 ,0.0000 ,0.0015 ,0.0000 ,0.0000 ,,0.0018 ,0.0000 ,0.0020 ,0.0000 ,,0.0000 ,0.0000 ,0.0000 ,,0.0000 ,0.0000 ,0.0000 ,0.0000 ,0.0039 ,,0.0000 ,0.0000 ,0.0050 ,,,,,,,,,,,,,,,,,,,,,,,,,,,,,,,,,,,,,,,
,34.2,0.0000 ,0.0041 ,0.0072 ,0.0049 ,0.0061 ,0.0037 ,0.0000 ,0.0000 ,0.0000 ,0.0053 ,0.0045 ,0.0032 ,0.0030 ,,0.0064 ,0.0030 ,0.0040 ,0.0025 ,,0.0170 ,0.0070 ,0.0050 ,,0.0069 ,0.0080 ,0.0000 ,0.0080 ,0.0118 ,,0.0120 ,0.0040 ,0.0099 ,,,,,,,,,,,,,,,,,,,,,,,,,,,,,,,,,,,,,,,
,35,0.0000 ,0.0000 ,0.0000 ,0.0000 ,0.0000 ,0.0000 ,0.0000 ,0.0000 ,0.0000 ,0.0000 ,0.0000 ,0.0000 ,0.0000 ,,0.0009 ,0.0000 ,0.0020 ,0.0025 ,,0.0000 ,0.0000 ,0.0000 ,,0.0000 ,0.0000 ,0.0000 ,0.0000 ,0.0000 ,,0.0040 ,0.0000 ,0.0050 ,,,,,,,,,,,,,,,,,,,,,,,,,,,,,,,,,,,,,,,
,35.2,0.0000 ,0.0000 ,0.0036 ,0.0000 ,0.0000 ,0.0000 ,0.0056 ,0.0000 ,0.0000 ,0.0012 ,0.0000 ,0.0008 ,0.0000 ,,0.0000 ,0.0010 ,0.0000 ,0.0000 ,,0.0000 ,0.0020 ,0.0000 ,,0.0000 ,0.0000 ,0.0000 ,0.0000 ,0.0000 ,,0.0000 ,0.002?,0.0000 ,,,,,,,,,,,,,,,,,,,,,,,,,,,,,,,,,,,,,,,
,36,0.0000 ,0.0000 ,0.0000 ,0.0000 ,0.0000 ,0.0000 ,0.0000 ,0.0000 ,0.0000 ,0.0000 ,0.0000 ,0.0000 ,0.0000 ,,0.0000 ,0.0000 ,0.0000 ,0.0000 ,,0.0000 ,0.0000 ,0.0000 ,,0.0000 ,0.0000 ,0.0000 ,0.0000 ,0.0000 ,,0.0000 ,0.0000 ,0.0000 ,,,,,,,,,,,,,,,,,,,,,,,,,,,,,,,,,,,,,,,
,36.2,0.0000 ,0.0000 ,0.0000 ,0.0000 ,0.0000 ,0.0000 ,0.0000 ,0.0000 ,0.0000 ,0.0000 ,0.0000 ,0.0000 ,0.0000 ,,0.0000 ,0.0000 ,0.0000 ,0.0000 ,,0.0000 ,0.0000 ,0.0050 ,,0.0009 ,0.0000 ,0.0000 ,0.0000 ,0.0000 ,,0.0000 ,0.0000 ,0.0000 ,,,,,,,,,,,,,,,,,,,,,,,,,,,,,,,,,,,,,,,
,,,,,,,,,,,,,,,,,,,,,,,,,,,,,,,,,,,,,,,,,,,,,,,,,,,,,,,,,,,,,,,,,,,,,,,,
,,,,,,,,,,,,,,,,,,,,,,,,,,,,,,,,,,,,,,,,,,,,,,,,,,,,,,,,,,,,,,,,,,,,,,,,
Locus 3,D7S820 ,Ngari,Qamdo,Lhasa,Nagqu,Nyingchi,Xigaz那,Shannan,Aba,Garz那,Qinghai,Yunnan,Gannan,Tianzhu,,Liaoning Han,Japanese,Korean,Mongolian,,Thailand,Malaysia malay,Philippine,,Pakistan,Oraon,Munda,Santal,Bangladesh,,Iran,Afghanistan,Iraq,,,,,,,,,,,,,,,,,,,,,,,,,,,,,,,,,,,,,,,
,5,0.0000 ,0.0000 ,0.0000 ,0.0000 ,0.0000 ,0.0000 ,0.0000 ,0.0000 ,0.0000 ,0.0000 ,0.0000 ,0.0000 ,0.0000 ,,0.0000 ,0.0000 ,0.0000 ,0.0000 ,,0.0000 ,0.0020 ,0.0000 ,,0.0000 ,0.0000 ,0.0000 ,0.0000 ,0.0000 ,,0.0000 ,0.0000 ,0.0000 ,,,,,,,,,,,,,,,,,,,,,,,,,,,,,,,,,,,,,,,
,6,0.0000 ,0.0000 ,0.0000 ,0.0000 ,0.0000 ,0.0000 ,0.0000 ,0.0000 ,0.0000 ,0.0000 ,0.0000 ,0.0000 ,0.0000 ,,0.0009 ,0.0000 ,0.0000 ,0.0000 ,,0.0000 ,0.0000 ,0.0000 ,,0.0000 ,0.0000 ,0.0000 ,0.0000 ,0.0000 ,,0.0000 ,0.0000 ,0.0000 ,,,,,,,,,,,,,,,,,,,,,,,,,,,,,,,,,,,,,,,
,7,0.0000 ,0.0000 ,0.0012 ,0.0025 ,0.0000 ,0.0000 ,0.0000 ,0.0000 ,0.0000 ,0.0018 ,0.0015 ,0.0008 ,0.0000 ,,0.0027 ,0.0000 ,0.0020 ,0.0000 ,,0.0100 ,0.0120 ,0.0000 ,,0.0378 ,0.0170 ,0.0000 ,0.0080 ,0.0197 ,,0.0517 ,0.0290 ,0.0248 ,,,,,,,,,,,,,,,,,,,,,,,,,,,,,,,,,,,,,,,
,8,0.2750 ,0.1502 ,0.1735 ,0.1995 ,0.2622 ,0.1269 ,0.1722 ,0.2000 ,0.1415 ,0.1806 ,0.1556 ,0.1850 ,0.1726 ,,0.1463 ,0.1280 ,0.1190 ,0.1641 ,,0.1620 ,0.2400 ,0.2260 ,,0.2161 ,0.3500 ,0.1980 ,0.3030 ,0.1811 ,,0.1595 ,0.1770 ,0.1881 ,,,,,,,,,,,,,,,,,,,,,,,,,,,,,,,,,,,,,,,
,8.2,0.0000 ,0.0000 ,0.0000 ,0.0000 ,0.0000 ,0.0000 ,0.0000 ,0.0000 ,0.0000 ,0.0000 ,0.0000 ,0.0000 ,0.0000 ,,0.0000 ,0.0000 ,0.0000 ,0.0000 ,,0.0000 ,0.0000 ,0.0000 ,,0.0000 ,0.0000 ,0.0000 ,0.0330 ,0.0000 ,,0.0000 ,0.0000 ,0.0000 ,,,,,,,,,,,,,,,,,,,,,,,,,,,,,,,,,,,,,,,
,9,0.1000 ,0.0638 ,0.0831 ,0.0690 ,0.0915 ,0.0448 ,0.1056 ,0.0800 ,0.0755 ,0.0765 ,0.0695 ,0.0654 ,0.0566 ,,0.0567 ,0.0370 ,0.0370 ,0.0581 ,,0.0550 ,0.0550 ,0.0330 ,,0.0906 ,0.0420 ,0.0790 ,0.0250 ,0.0591 ,,0.0862 ,0.0810 ,0.0990 ,,,,,,,,,,,,,,,,,,,,,,,,,,,,,,,,,,,,,,,
,9.1,0.0000 ,0.0000 ,0.0000 ,0.0000 ,0.0000 ,0.0000 ,0.0000 ,0.0000 ,0.0000 ,0.0000 ,0.0000 ,0.0016 ,0.0119 ,,0.0037 ,0.0000 ,0.0000 ,0.0025 ,,0.0000 ,0.0000 ,0.0000 ,,0.0000 ,0.0000 ,0.0000 ,0.0000 ,0.0000 ,,0.0000 ,0.0000 ,0.0000 ,,,,,,,,,,,,,,,,,,,,,,,,,,,,,,,,,,,,,,,
,9.2,0.0000 ,0.0000 ,0.0000 ,0.0000 ,0.0000 ,0.0000 ,0.0000 ,0.0000 ,0.0000 ,0.0000 ,0.0000 ,0.0000 ,0.0000 ,,0.0000 ,0.0000 ,0.0000 ,0.0000 ,,0.0000 ,0.0000 ,0.0000 ,,0.0000 ,0.0080 ,0.0000 ,0.0000 ,0.0000 ,,0.0000 ,0.0000 ,0.0000 ,,,,,,,,,,,,,,,,,,,,,,,,,,,,,,,,,,,,,,,
,9.3,0.0000 ,0.0000 ,0.0000 ,0.0000 ,0.0000 ,0.0000 ,0.0000 ,0.0000 ,0.0000 ,0.0000 ,0.0000 ,0.0000 ,0.0000 ,,0.0000 ,0.0000 ,0.0000 ,0.0000 ,,0.0000 ,0.0000 ,0.0000 ,,0.0000 ,0.0000 ,0.0160 ,0.0000 ,0.0000 ,,0.0000 ,0.0000 ,0.0000 ,,,,,,,,,,,,,,,,,,,,,,,,,,,,,,,,,,,,,,,
,10,0.1688 ,0.1790 ,0.1892 ,0.1700 ,0.1707 ,0.2201 ,0.2333 ,0.1000 ,0.1604 ,0.1806 ,0.1450 ,0.1449 ,0.1637 ,,0.1709 ,0.2240 ,0.1520 ,0.2121 ,,0.1930 ,0.2100 ,0.1840 ,,0.2261 ,0.2420 ,0.1900 ,0.1560 ,0.2205 ,,0.2198 ,0.2060 ,0.3317 ,,,,,,,,,,,,,,,,,,,,,,,,,,,,,,,,,,,,,,,
,10.1,0.0000 ,0.0000 ,0.0000 ,0.0049 ,0.0000 ,0.0000 ,0.0000 ,0.0000 ,0.0000 ,0.0000 ,0.0000 ,0.0016 ,0.0030 ,,0.0009 ,0.0000 ,0.0000 ,0.0000 ,,0.0000 ,0.0000 ,0.0000 ,,0.0000 ,0.0000 ,0.0000 ,0.0000 ,0.0000 ,,0.0000 ,0.0000 ,0.0000 ,,,,,,,,,,,,,,,,,,,,,,,,,,,,,,,,,,,,,,,
,11,0.1813 ,0.2757 ,0.2602 ,0.2586 ,0.2195 ,0.2985 ,0.2167 ,0.2700 ,0.2736 ,0.2965 ,0.3100 ,0.2921 ,0.3006 ,,0.3364 ,0.3570 ,0.4000 ,0.2904 ,,0.3380 ,0.2880 ,0.3770 ,,0.2480 ,0.2330 ,0.3020 ,0.3770 ,0.2835 ,,0.2759 ,0.2910 ,0.2079 ,,,,,,,,,,,,,,,,,,,,,,,,,,,,,,,,,,,,,,,
,12,0.2625 ,0.2695 ,0.2542 ,0.2488 ,0.1829 ,0.2799 ,0.2500 ,0.3200 ,0.3302 ,0.2235 ,0.2568 ,0.2559 ,0.2441 ,,0.2340 ,0.2110 ,0.2190 ,0.2197 ,,0.2050 ,0.1620 ,0.1650 ,,0.1603 ,0.0080 ,0.1750 ,0.0980 ,0.1850 ,,0.1681 ,0.1890 ,0.1139 ,,,,,,,,,,,,,,,,,,,,,,,,,,,,,,,,,,,,,,,
,12.1,0.0000 ,0.0021 ,0.0000 ,0.0000 ,0.0000 ,0.0000 ,0.0000 ,0.0000 ,0.0000 ,0.0000 ,0.0000 ,0.0000 ,0.0000 ,,0.0000 ,0.0000 ,0.0000 ,0.0025 ,,0.0000 ,0.0000 ,0.0000 ,,0.0000 ,0.0000 ,0.0000 ,0.0000 ,0.0000 ,,0.0000 ,0.0000 ,0.0000 ,,,,,,,,,,,,,,,,,,,,,,,,,,,,,,,,,,,,,,,
,12.3,0.0000 ,0.0000 ,0.0000 ,0.0000 ,0.0000 ,0.0000 ,0.0000 ,0.0000 ,0.0000 ,0.0000 ,0.0000 ,0.0008 ,0.0000 ,,0.0000 ,0.0000 ,0.0000 ,0.0000 ,,0.0000 ,0.0000 ,0.0000 ,,0.0000 ,0.0000 ,0.0000 ,0.0000 ,0.0000 ,,0.0000 ,0.0000 ,0.0000 ,,,,,,,,,,,,,,,,,,,,,,,,,,,,,,,,,,,,,,,
,13,0.0125 ,0.0453 ,0.0337 ,0.0443 ,0.0671 ,0.0299 ,0.0222 ,0.0200 ,0.0189 ,0.0341 ,0.0589 ,0.0465 ,0.0446 ,,0.0375 ,0.0410 ,0.0650 ,0.0202 ,,0.0360 ,0.0260 ,0.0140 ,,0.0199 ,0.0080 ,0.0320 ,0.0000 ,0.0512 ,,0.0345 ,0.0230 ,0.0347 ,,,,,,,,,,,,,,,,,,,,,,,,,,,,,,,,,,,,,,,
,14,0.0000 ,0.0103 ,0.0048 ,0.0025 ,0.0061 ,0.0000 ,0.0000 ,0.0100 ,0.0000 ,0.0065 ,0.0030 ,0.0055 ,0.0030 ,,0.0101 ,0.0020 ,0.0060 ,0.0303 ,,0.0020 ,0.0050 ,0.0000 ,,0.0009 ,0.0170 ,0.0080 ,0.0000 ,0.0000 ,,0.0043 ,0.0050 ,0.0000 ,,,,,,,,,,,,,,,,,,,,,,,,,,,,,,,,,,,,,,,
,15,0.0000 ,0.0041 ,0.0000 ,0.0000 ,0.0000 ,0.0000 ,0.0000 ,0.0000 ,0.0000 ,0.0000 ,0.0000 ,0.0000 ,0.0000 ,,0.0000 ,0.0000 ,0.0000 ,0.0000 ,,0.0000 ,0.0000 ,0.0000 ,,0.0000 ,0.0000 ,0.0000 ,0.0000 ,0.0000 ,,0.0000 ,0.0000 ,0.0000 ,,,,,,,,,,,,,,,,,,,,,,,,,,,,,,,,,,,,,,,
,,,,,,,,,,,,,,,,,,,,,,,,,,,,,,,,,,,,,,,,,,,,,,,,,,,,,,,,,,,,,,,,,,,,,,,,
,,,,,,,,,,,,,,,,,,,,,,,,,,,,,,,,,,,,,,,,,,,,,,,,,,,,,,,,,,,,,,,,,,,,,,,,
Locus 4,CSF1PO,Ngari,Qamdo,Lhasa,Nagqu,Nyingchi,Xigaz那,Shannan,Aba,Garz那,Qinghai,Yunnan,Gannan,Tianzhu,,Liaoning Han,Japanese,Korean,Mongolian,,Thailand,Malaysia malay,Philippine,,Pakistan,Oraon,Munda,Santal,Bangladesh,,Iran,Afghanistan,Iraq,,,,,,,,,,,,,,,,,,,,,,,,,,,,,,,,,,,,,,,
,7,0.0125 ,0.0103 ,0.0036 ,0.0074 ,0.0000 ,0.0037 ,0.0111 ,0.0100 ,0.0094 ,0.0047 ,0.0060 ,0.0055 ,0.0060 ,,0.0000 ,0.0110 ,0.0040 ,0.0000 ,,0.0000 ,0.0000 ,0.0090 ,,0.0029 ,0.0000 ,0.0000 ,0.0000 ,0.0039 ,,0.0000 ,0.0030 ,0.0000 ,,,,,,,,,,,,,,,,,,,,,,,,,,,,,,,,,,,,,,,
,8,0.0000 ,0.0000 ,0.0000 ,0.0000 ,0.0000 ,0.0000 ,0.0000 ,0.0000 ,0.0000 ,0.0000 ,0.0030 ,0.0024 ,0.0000 ,,0.0037 ,0.0000 ,0.0000 ,0.0051 ,,0.0020 ,0.0050 ,0.0090 ,,0.0029 ,0.0080 ,0.0000 ,0.0000 ,0.0000 ,,0.0000 ,0.0050 ,0.0147 ,,,,,,,,,,,,,,,,,,,,,,,,,,,,,,,,,,,,,,,
,9,0.0313 ,0.0494 ,0.0422 ,0.0542 ,0.0549 ,0.0485 ,0.0389 ,0.0600 ,0.0943 ,0.0512 ,0.0438 ,0.0874 ,0.0298 ,,0.0521 ,0.0480 ,0.0480 ,0.0429 ,,0.0190 ,0.0190 ,0.0240 ,,0.0159 ,0.0000 ,0.0160 ,0.0250 ,0.0433 ,,0.0174 ,0.0320 ,0.0343 ,,,,,,,,,,,,,,,,,,,,,,,,,,,,,,,,,,,,,,,
,10,0.1938 ,0.2140 ,0.2036 ,0.2463 ,0.2134 ,0.1418 ,0.1611 ,0.1900 ,0.1698 ,0.2344 ,0.2175 ,0.2315 ,0.2292 ,,0.2249 ,0.2240 ,0.2420 ,0.2374 ,,0.2140 ,0.2050 ,0.2590 ,,0.2559 ,0.1420 ,0.2620 ,0.1310 ,0.1535 ,,0.2478 ,0.2540 ,0.2647 ,,,,,,,,,,,,,,,,,,,,,,,,,,,,,,,,,,,,,,,
,10.2,0.0000 ,0.0000 ,0.0000 ,0.0000 ,0.0000 ,0.0000 ,0.0000 ,0.0000 ,0.0000 ,0.0000 ,0.0000 ,0.0000 ,0.0000 ,,0.0000 ,0.0000 ,0.0000 ,0.0000 ,,0.0000 ,0.0000 ,0.0000 ,,0.0000 ,0.0000 ,0.0080 ,0.0080 ,0.0000 ,,0.0000 ,0.0000 ,0.0000 ,,,,,,,,,,,,,,,,,,,,,,,,,,,,,,,,,,,,,,,
,11,0.2500 ,0.2675 ,0.2819 ,0.2217 ,0.2866 ,0.2910 ,0.3222 ,0.3000 ,0.1981 ,0.2367 ,0.2387 ,0.2173 ,0.2857 ,,0.2249 ,0.2010 ,0.2360 ,0.2424 ,,0.2980 ,0.3620 ,0.2780 ,,0.3067 ,0.3580 ,0.2700 ,0.3280 ,0.3268 ,,0.3522 ,0.3330 ,0.2843 ,,,,,,,,,,,,,,,,,,,,,,,,,,,,,,,,,,,,,,,
,12,0.4188 ,0.3807 ,0.4181 ,0.3966 ,0.3841 ,0.4552 ,0.4000 ,0.3600 ,0.4623 ,0.3863 ,0.4150 ,0.3717 ,0.3780 ,,0.4159 ,0.4190 ,0.3810 ,0.4091 ,,0.3760 ,0.3330 ,0.3580 ,,0.3376 ,0.3580 ,0.3730 ,0.4510 ,0.4016 ,,0.3043 ,0.3090 ,0.3284 ,,,,,,,,,,,,,,,,,,,,,,,,,,,,,,,,,,,,,,,
,12.1,0.0000 ,0.0000 ,0.0000 ,0.0000 ,0.0000 ,0.0000 ,0.0000 ,0.0000 ,0.0000 ,0.0000 ,0.0000 ,0.0008 ,0.0000 ,,0.0000 ,0.0000 ,0.0000 ,0.0000 ,,0.0000 ,0.0000 ,0.0000 ,,0.0009 ,0.0000 ,0.0000 ,0.0000 ,0.0000 ,,0.0000 ,0.0000 ,0.0000 ,,,,,,,,,,,,,,,,,,,,,,,,,,,,,,,,,,,,,,,
,12.2,0.0000 ,0.0000 ,0.0000 ,0.0000 ,0.0000 ,0.0000 ,0.0000 ,0.0000 ,0.0000 ,0.0000 ,0.0000 ,0.0000 ,0.0000 ,,0.0000 ,0.0000 ,0.0000 ,0.0000 ,,0.0000 ,0.0000 ,0.0000 ,,0.0000 ,0.0000 ,0.0000 ,0.0000 ,0.0000 ,,0.0000 ,0.0000 ,0.0000 ,,,,,,,,,,,,,,,,,,,,,,,,,,,,,,,,,,,,,,,
,13,0.0688 ,0.0576 ,0.0434 ,0.0616 ,0.0549 ,0.0560 ,0.0556 ,0.0800 ,0.0472 ,0.0707 ,0.0680 ,0.0648 ,0.0685 ,,0.0640 ,0.0760 ,0.0740 ,0.0581 ,,0.0790 ,0.0620 ,0.0520 ,,0.0667 ,0.0920 ,0.0480 ,0.0490 ,0.0669 ,,0.0652 ,0.0470 ,0.0637 ,,,,,,,,,,,,,,,,,,,,,,,,,,,,,,,,,,,,,,,
,14,0.0188 ,0.0185 ,0.0048 ,0.0099 ,0.0061 ,0.0037 ,0.0111 ,0.0000 ,0.0189 ,0.0135 ,0.0076 ,0.0173 ,0.0030 ,,0.0137 ,0.0190 ,0.0090 ,0.0051 ,,0.0100 ,0.0070 ,0.0090 ,,0.0099 ,0.0420 ,0.0240 ,0.0080 ,0.0039 ,,0.0130 ,0.0090 ,0.0098 ,,,,,,,,,,,,,,,,,,,,,,,,,,,,,,,,,,,,,,,
,15,0.0063 ,0.0021 ,0.0024 ,0.0025 ,0.0000 ,0.0000 ,0.0000 ,0.0000 ,0.0000 ,0.0024 ,0.0000 ,0.0016 ,0.0000 ,,0.0009 ,0.0020 ,0.0060 ,0.0000 ,,0.0020 ,0.0070 ,0.0000 ,,0.0000 ,0.0000 ,0.0000 ,0.0000 ,0.0000 ,,0.0000 ,0.0090 ,0.0000 ,,,,,,,,,,,,,,,,,,,,,,,,,,,,,,,,,,,,,,,
,,,,,,,,,,,,,,,,,,,,,,,,,,,,,,,,,,,,,,,,,,,,,,,,,,,,,,,,,,,,,,,,,,,,,,,,
,,,,,,,,,,,,,,,,,,,,,,,,,,,,,,,,,,,,,,,,,,,,,,,,,,,,,,,,,,,,,,,,,,,,,,,,
Locus 5,D3S1358,Ngari,Qamdo,Lhasa,Nagqu,Nyingchi,Xigaz那,Shannan,Aba,Garz那,Qinghai,Yunnan,Gannan,Tianzhu,,Liaoning Han,Japanese,Korean,Mongolian,,Thailand,Malaysia malay,Philippine,,Pakistan,Oraon,Munda,Santal,Bangladesh,,Iran,Afghanistan,Iraq,,,,,,,,,,,,,,,,,,,,,,,,,,,,,,,,,,,,,,,
,5,0.0000 ,0.0000 ,0.0000 ,0.0000 ,0.0000 ,0.0000 ,0.0000 ,0.0000 ,0.0000 ,0.0000 ,0.0000 ,0.0000 ,0.0000 ,,0.0000 ,0.0000 ,0.0000 ,0.0000 ,,0.0000 ,0.0000 ,0.0000 ,,0.0000 ,0.0000 ,0.0000 ,0.0000 ,0.0000 ,,0.0000 ,0.0000 ,0.0000 ,,,,,,,,,,,,,,,,,,,,,,,,,,,,,,,,,,,,,,,
,11,0.0000 ,0.0000 ,0.0000 ,0.0000 ,0.0000 ,0.0000 ,0.0000 ,0.0000 ,0.0000 ,0.0000 ,0.0000 ,0.0000 ,0.0000 ,,0.0000 ,0.0000 ,0.0000 ,0.0000 ,,0.0000 ,0.0000 ,0.0000 ,,0.0000 ,0.0000 ,0.0000 ,0.0000 ,0.0000 ,,0.0000 ,0.0000 ,0.0000 ,,,,,,,,,,,,,,,,,,,,,,,,,,,,,,,,,,,,,,,
,12,0.0000 ,0.0000 ,0.0024 ,0.0000 ,0.0000 ,0.0037 ,0.0000 ,0.0000 ,0.0000 ,0.0000 ,0.0000 ,0.0000 ,0.0000 ,,0.0018 ,0.0050 ,0.0020 ,0.0000 ,,0.0000 ,0.0020 ,0.0000 ,,0.0049 ,0.0250 ,0.0000 ,0.0000 ,0.0000 ,,0.0000 ,0.0000 ,0.0000 ,,,,,,,,,,,,,,,,,,,,,,,,,,,,,,,,,,,,,,,
,13,0.0000 ,0.0000 ,0.0012 ,0.0025 ,0.0000 ,0.0075 ,0.0056 ,0.0100 ,0.0000 ,0.0018 ,0.0015 ,0.0008 ,0.0000 ,,0.0000 ,0.0000 ,0.0000 ,0.0000 ,,0.0050 ,0.0070 ,0.0000 ,,0.0009 ,0.0330 ,0.0000 ,0.0000 ,0.0000 ,,0.0000 ,0.0030 ,0.0049 ,,,,,,,,,,,,,,,,,,,,,,,,,,,,,,,,,,,,,,,
,14,0.0563 ,0.0288 ,0.0241 ,0.0172 ,0.0610 ,0.0448 ,0.0444 ,0.0600 ,0.0189 ,0.0229 ,0.0302 ,0.0268 ,0.0508 ,,0.0457 ,0.0200 ,0.0350 ,0.0556 ,,0.0310 ,0.0500 ,0.0570 ,,0.0418 ,0.1000 ,0.0550 ,0.0490 ,0.0315 ,,0.0437 ,0.0590 ,0.0388 ,,,,,,,,,,,,,,,,,,,,,,,,,,,,,,,,,,,,,,,
,15,0.3375 ,0.3416 ,0.3337 ,0.2906 ,0.2683 ,0.3022 ,0.3611 ,0.3200 ,0.2547 ,0.3341 ,0.3220 ,0.3307 ,0.3433 ,,0.3803 ,0.3970 ,0.3510 ,0.4192 ,,0.2860 ,0.2810 ,0.2360 ,,0.3067 ,0.3080 ,0.2580 ,0.3360 ,0.3307 ,,0.2540 ,0.3210 ,0.2282 ,,,,,,,,,,,,,,,,,,,,,,,,,,,,,,,,,,,,,,,
,15.2,0.0000 ,0.0000 ,0.0000 ,0.0000 ,0.0000 ,0.0000 ,0.0000 ,0.0000 ,0.0000 ,0.0000 ,0.0000 ,0.0000 ,0.0000 ,,0.0000 ,0.0000 ,0.0000 ,0.0000 ,,0.0000 ,0.0000 ,0.0000 ,,0.0000 ,0.0000 ,0.0000 ,0.0410 ,0.0000 ,,0.0000 ,0.0000 ,0.0000 ,,,,,,,,,,,,,,,,,,,,,,,,,,,,,,,,,,,,,,,
,16,0.3625 ,0.3210 ,0.3759 ,0.3670 ,0.3963 ,0.3955 ,0.3500 ,0.3600 ,0.3868 ,0.3494 ,0.3580 ,0.3433 ,0.3254 ,,0.3199 ,0.3180 ,0.3310 ,0.3005 ,,0.3760 ,0.3600 ,0.2590 ,,0.2918 ,0.2830 ,0.3670 ,0.2620 ,0.3228 ,,0.2817 ,0.2400 ,0.2379 ,,,,,,,,,,,,,,,,,,,,,,,,,,,,,,,,,,,,,,,
,16.2,0.0000 ,0.0000 ,0.0000 ,0.0000 ,0.0000 ,0.0000 ,0.0000 ,0.0000 ,0.0000 ,0.0000 ,0.0000 ,0.0000 ,0.0000 ,,0.0000 ,0.0000 ,0.0000 ,0.0000 ,,0.0000 ,0.0000 ,0.0000 ,,0.0000 ,0.0000 ,0.0080 ,0.0000 ,0.0000 ,,0.0000 ,0.0000 ,0.0000 ,,,,,,,,,,,,,,,,,,,,,,,,,,,,,,,,,,,,,,,
,17,0.2000 ,0.2160 ,0.1904 ,0.2537 ,0.1890 ,0.1940 ,0.1722 ,0.1300 ,0.2170 ,0.2100 ,0.2145 ,0.2189 ,0.1851 ,,0.1846 ,0.1860 ,0.1840 ,0.1818 ,,0.2170 ,0.2020 ,0.3680 ,,0.2291 ,0.2250 ,0.2500 ,0.2620 ,0.2087 ,,0.2262 ,0.2030 ,0.3641 ,,,,,,,,,,,,,,,,,,,,,,,,,,,,,,,,,,,,,,,
,18,0.0438 ,0.0844 ,0.0699 ,0.0665 ,0.0671 ,0.0522 ,0.0611 ,0.1200 ,0.1132 ,0.0747 ,0.0695 ,0.0772 ,0.0836 ,,0.0585 ,0.0670 ,0.0890 ,0.0429 ,,0.0790 ,0.0690 ,0.0750 ,,0.1145 ,0.0250 ,0.0630 ,0.0490 ,0.1024 ,,0.1905 ,0.1640 ,0.1214 ,,,,,,,,,,,,,,,,,,,,,,,,,,,,,,,,,,,,,,,
,19,0.0000 ,0.0082 ,0.0024 ,0.0025 ,0.0183 ,0.0000 ,0.0000 ,0.0000 ,0.0094 ,0.0071 ,0.0045 ,0.0016 ,0.0119 ,,0.0091 ,0.0050 ,0.0090 ,0.0000 ,,0.0070 ,0.0140 ,0.0050 ,,0.0089 ,0.0000 ,0.0000 ,0.0000 ,0.0039 ,,0.0040 ,0.0110 ,0.0049 ,,,,,,,,,,,,,,,,,,,,,,,,,,,,,,,,,,,,,,,
,20,0.0000 ,0.0000 ,0.0000 ,0.0000 ,0.0000 ,0.0000 ,0.0056 ,0.0000 ,0.0000 ,0.0000 ,0.0000 ,0.0000 ,0.0000 ,,0.0000 ,0.0020 ,0.0000 ,0.0000 ,,0.0000 ,0.0140 ,0.0000 ,,0.0009 ,0.0000 ,0.0000 ,0.0000 ,0.0000 ,,0.0000 ,0.0000 ,0.0000 ,,,,,,,,,,,,,,,,,,,,,,,,,,,,,,,,,,,,,,,
,20.1,0.0000 ,0.0000 ,0.0000 ,0.0000 ,0.0000 ,0.0000 ,0.0000 ,0.0000 ,0.0000 ,0.0000 ,0.0000 ,0.0008 ,0.0000 ,,0.0000 ,0.0000 ,0.0000 ,0.0000 ,,0.0000 ,0.0000 ,0.0000 ,,0.0000 ,0.0000 ,0.0000 ,0.0000 ,0.0000 ,,0.0000 ,0.0000 ,0.0000 ,,,,,,,,,,,,,,,,,,,,,,,,,,,,,,,,,,,,,,,
,,,,,,,,,,,,,,,,,,,,,,,,,,,,,,,,,,,,,,,,,,,,,,,,,,,,,,,,,,,,,,,,,,,,,,,,
,,,,,,,,,,,,,,,,,,,,,,,,,,,,,,,,,,,,,,,,,,,,,,,,,,,,,,,,,,,,,,,,,,,,,,,,
Locus 6,D5S818,Ngari,Qamdo,Lhasa,Nagqu,Nyingchi,Xigaz那,Shannan,Aba,Garz那,Qinghai,Yunnan,Gannan,Tianzhu,,Liaoning Han,Japanese,Korean,Mongolian,,Thailand,Malaysia malay,Philippine,,Pakistan,Oraon,Munda,Santal,Bangladesh,,Iran,Afghanistan,Iraq,,,,,,,,,,,,,,,,,,,,,,,,,,,,,,,,,,,,,,,
,7,0.0125 ,0.0000 ,0.0096 ,0.0099 ,0.0000 ,0.0112 ,0.0111 ,0.0100 ,0.0094 ,0.0106 ,0.0060 ,0.0118 ,0.0179 ,,0.0110 ,0.0040 ,0.0130 ,0.0152 ,,0.0260 ,0.0210 ,0.0140 ,,0.0029 ,0.0000 ,0.0000 ,0.0000 ,0.0079 ,,0.0040 ,0.0020 ,0.0000 ,,,,,,,,,,,,,,,,,,,,,,,,,,,,,,,,,,,,,,,
,8,0.0063 ,0.0041 ,0.0000 ,0.0025 ,0.0061 ,0.0000 ,0.0111 ,0.0000 ,0.0094 ,0.0035 ,0.0030 ,0.0032 ,0.0060 ,,0.0055 ,0.0100 ,0.0110 ,0.0025 ,,0.0000 ,0.0020 ,0.0000 ,,0.0059 ,0.0170 ,0.0310 ,0.0160 ,0.0039 ,,0.0000 ,0.0020 ,0.0049 ,,,,,,,,,,,,,,,,,,,,,,,,,,,,,,,,,,,,,,,
,9,0.0500 ,0.0370 ,0.0398 ,0.0517 ,0.0610 ,0.0560 ,0.0444 ,0.0400 ,0.0566 ,0.0547 ,0.0574 ,0.0457 ,0.0595 ,,0.0622 ,0.1030 ,0.1150 ,0.0455 ,,0.0690 ,0.0500 ,0.0610 ,,0.0328 ,0.0670 ,0.0630 ,0.0330 ,0.0394 ,,0.0600 ,0.0570 ,0.0485 ,,,,,,,,,,,,,,,,,,,,,,,,,,,,,,,,,,,,,,,
,10,0.1625 ,0.2572 ,0.1807 ,0.2562 ,0.1220 ,0.1642 ,0.1500 ,0.1800 ,0.2358 ,0.2312 ,0.2100 ,0.2567 ,0.1935 ,,0.2130 ,0.2130 ,0.1770 ,0.1818 ,,0.2140 ,0.2950 ,0.3210 ,,0.0986 ,0.1330 ,0.0630 ,0.1070 ,0.1732 ,,0.0760 ,0.1460 ,0.0631 ,,,,,,,,,,,,,,,,,,,,,,,,,,,,,,,,,,,,,,,
,11,0.3938 ,0.3642 ,0.4036 ,0.3300 ,0.3963 ,0.3806 ,0.4444 ,0.3700 ,0.3491 ,0.3506 ,0.3520 ,0.3780 ,0.3244 ,,0.3391 ,0.2610 ,0.2940 ,0.4217 ,,0.2710 ,0.2520 ,0.2260 ,,0.3745 ,0.2750 ,0.4140 ,0.3520 ,0.3110 ,,0.2720 ,0.3030 ,0.3204 ,,,,,,,,,,,,,,,,,,,,,,,,,,,,,,,,,,,,,,,
,12,0.2250 ,0.1955 ,0.2181 ,0.2192 ,0.2500 ,0.2351 ,0.2444 ,0.2700 ,0.2264 ,0.2312 ,0.2477 ,0.1890 ,0.2619 ,,0.2258 ,0.2240 ,0.2530 ,0.1919 ,,0.2360 ,0.2170 ,0.2220 ,,0.3297 ,0.2920 ,0.3050 ,0.3360 ,0.2638 ,,0.4120 ,0.3030 ,0.3495 ,,,,,,,,,,,,,,,,,,,,,,,,,,,,,,,,,,,,,,,
,13,0.1313 ,0.1337 ,0.1337 ,0.1158 ,0.1585 ,0.1455 ,0.0944 ,0.1300 ,0.1038 ,0.1076 ,0.1163 ,0.1079 ,0.1369 ,,0.1344 ,0.1630 ,0.1210 ,0.1313 ,,0.1670 ,0.1380 ,0.1460 ,,0.1464 ,0.2000 ,0.1250 ,0.1480 ,0.1890 ,,0.1440 ,0.1760 ,0.2039 ,,,,,,,,,,,,,,,,,,,,,,,,,,,,,,,,,,,,,,,
,14,0.0188 ,0.0062 ,0.0096 ,0.0123 ,0.0061 ,0.0075 ,0.0000 ,0.0000 ,0.0000 ,0.0094 ,0.0076 ,0.0079 ,0.0000 ,,0.0064 ,0.0170 ,0.0150 ,0.0101 ,,0.0170 ,0.0140 ,0.0090 ,,0.0089 ,0.0080 ,0.0000 ,0.0000 ,0.0118 ,,0.0280 ,0.0120 ,0.0097 ,,,,,,,,,,,,,,,,,,,,,,,,,,,,,,,,,,,,,,,
,15,0.0000 ,0.0021 ,0.0048 ,0.0025 ,0.0000 ,0.0000 ,0.0000 ,0.0000 ,0.0094 ,0.0012 ,0.0000 ,0.0000 ,0.0000 ,,0.0027 ,0.0050 ,0.0000 ,0.0000 ,,0.0000 ,0.0050 ,0.0000 ,,0.0000 ,0.0080 ,0.0000 ,0.0080 ,0.0000 ,,0.0040 ,0.0000 ,0.0000 ,,,,,,,,,,,,,,,,,,,,,,,,,,,,,,,,,,,,,,,
,16,0.0000 ,0.0000 ,0.0000 ,0.0000 ,0.0000 ,0.0000 ,0.0000 ,0.0000 ,0.0000 ,0.0000 ,0.0000 ,0.0000 ,0.0000 ,,0.0000 ,0.0000 ,0.0000 ,0.0000 ,,0.0000 ,0.0020 ,0.0000 ,,0.0000 ,0.0000 ,0.0000 ,0.0000 ,0.0000 ,,0.0000 ,0.0000 ,0.0000 ,,,,,,,,,,,,,,,,,,,,,,,,,,,,,,,,,,,,,,,
,17,0.0000 ,0.0000 ,0.0000 ,0.0000 ,0.0000 ,0.0000 ,0.0000 ,0.0000 ,0.0000 ,0.0000 ,0.0000 ,0.0000 ,0.0000 ,,0.0000 ,0.0000 ,0.0000 ,0.0000 ,,0.0000 ,0.0020 ,0.0000 ,,0.0000 ,0.0000 ,0.0000 ,0.0000 ,0.0000 ,,0.0000 ,0.0000 ,0.0000 ,,,,,,,,,,,,,,,,,,,,,,,,,,,,,,,,,,,,,,,
,,,,,,,,,,,,,,,,,,,,,,,,,,,,,,,,,,,,,,,,,,,,,,,,,,,,,,,,,,,,,,,,,,,,,,,,
,,,,,,,,,,,,,,,,,,,,,,,,,,,,,,,,,,,,,,,,,,,,,,,,,,,,,,,,,,,,,,,,,,,,,,,,
Locus 7,D13S317 ,Ngari,Qamdo,Lhasa,Nagqu,Nyingchi,Xigaz那,Shannan,Aba,Garz那,Qinghai,Yunnan,Gannan,Tianzhu,,Liaoning Han,Japanese,Korean,Mongolian,,Thailand,Malaysia malay,Philippine,,Pakistan,Oraon,Munda,Santal,Bangladesh,,Iran,Afghanistan,Iraq,,,,,,,,,,,,,,,,,,,,,,,,,,,,,,,,,,,,,,,
,5,0.0000 ,0.0000 ,0.0000 ,0.0000 ,0.0000 ,0.0000 ,0.0056 ,0.0000 ,0.0000 ,0.0000 ,0.0000 ,0.0000 ,0.0000 ,,0.0000 ,0.0000 ,0.0000 ,0.0000 ,,0.0000 ,0.0000 ,0.0000 ,,0.0000 ,0.0000 ,0.0000 ,0.0000 ,0.0000 ,,0.0000 ,0.0000 ,0.0000 ,,,,,,,,,,,,,,,,,,,,,,,,,,,,,,,,,,,,,,,
,7,0.0000 ,0.0000 ,0.0012 ,0.0000 ,0.0000 ,0.0000 ,0.0000 ,0.0000 ,0.0000 ,0.0000 ,0.0000 ,0.0000 ,0.0000 ,,0.0018 ,0.0030 ,0.0020 ,0.0025 ,,0.0020 ,0.0050 ,0.0000 ,,0.0049 ,0.0000 ,0.0080 ,0.0000 ,0.0118 ,,0.0000 ,0.0030 ,0.0000 ,,,,,,,,,,,,,,,,,,,,,,,,,,,,,,,,,,,,,,,
,8,0.2000 ,0.2243 ,0.2265 ,0.1823 ,0.2195 ,0.2052 ,0.1833 ,0.1800 ,0.2453 ,0.2105 ,0.2069 ,0.2213 ,0.2213 ,,0.2495 ,0.2650 ,0.2230 ,0.2803 ,,0.2930 ,0.2480 ,0.2640 ,,0.1703 ,0.3250 ,0.4610 ,0.3030 ,0.1693 ,,0.1360 ,0.1470 ,0.2330 ,,,,,,,,,,,,,,,,,,,,,,,,,,,,,,,,,,,,,,,
,9,0.0938 ,0.0556 ,0.0783 ,0.0640 ,0.0732 ,0.0784 ,0.0833 ,0.0500 ,0.1038 ,0.1020 ,0.0952 ,0.1268 ,0.1268 ,,0.1353 ,0.1470 ,0.1650 ,0.0909 ,,0.1670 ,0.1400 ,0.1420 ,,0.0677 ,0.1000 ,0.0390 ,0.0490 ,0.1339 ,,0.0800 ,0.0680 ,0.0388 ,,,,,,,,,,,,,,,,,,,,,,,,,,,,,,,,,,,,,,,
,10,0.1125 ,0.1626 ,0.1723 ,0.1626 ,0.1768 ,0.1567 ,0.1667 ,0.1800 ,0.1038 ,0.1521 ,0.1858 ,0.1307 ,0.1307 ,,0.1517 ,0.1090 ,0.1410 ,0.1540 ,,0.1290 ,0.1480 ,0.0990 ,,0.0677 ,0.0750 ,0.0630 ,0.0820 ,0.1181 ,,0.0880 ,0.0920 ,0.0534 ,,,,,,,,,,,,,,,,,,,,,,,,,,,,,,,,,,,,,,,
,11,0.3563 ,0.2613 ,0.2434 ,0.2709 ,0.2195 ,0.3134 ,0.2889 ,0.2000 ,0.2075 ,0.2335 ,0.2420 ,0.2087 ,0.2087 ,,0.2404 ,0.2240 ,0.2360 ,0.1919 ,,0.2290 ,0.2400 ,0.3070 ,,0.2649 ,0.2080 ,0.2810 ,0.2870 ,0.2638 ,,0.3320 ,0.2760 ,0.2233 ,,,,,,,,,,,,,,,,,,,,,,,,,,,,,,,,,,,,,,,
,12,0.1688 ,0.1790 ,0.1880 ,0.2094 ,0.1951 ,0.1828 ,0.1944 ,0.2400 ,0.2358 ,0.1928 ,0.1737 ,0.2039 ,0.2039 ,,0.1709 ,0.2020 ,0.1990 ,0.2197 ,,0.1330 ,0.1710 ,0.1510 ,,0.3047 ,0.2330 ,0.1090 ,0.1890 ,0.2323 ,,0.2760 ,0.2970 ,0.3447 ,,,,,,,,,,,,,,,,,,,,,,,,,,,,,,,,,,,,,,,
,13,0.0563 ,0.0988 ,0.0783 ,0.0936 ,0.0976 ,0.0597 ,0.0667 ,0.0900 ,0.0943 ,0.0820 ,0.0816 ,0.0819 ,0.0819 ,,0.0411 ,0.0410 ,0.0220 ,0.0354 ,,0.0380 ,0.0400 ,0.0280 ,,0.0946 ,0.0580 ,0.0390 ,0.0490 ,0.0669 ,,0.0680 ,0.0900 ,0.0534 ,,,,,,,,,,,,,,,,,,,,,,,,,,,,,,,,,,,,,,,
,14,0.0125 ,0.0123 ,0.0120 ,0.0172 ,0.0183 ,0.0037 ,0.0111 ,0.0600 ,0.0094 ,0.0265 ,0.0151 ,0.0228 ,0.0228 ,,0.0073 ,0.0090 ,0.0130 ,0.0227 ,,0.0100 ,0.0020 ,0.0090 ,,0.0249 ,0.0000 ,0.0000 ,0.0410 ,0.0039 ,,0.0120 ,0.0270 ,0.0534 ,,,,,,,,,,,,,,,,,,,,,,,,,,,,,,,,,,,,,,,
,15,0.0000 ,0.0062 ,0.0000 ,0.0000 ,0.0000 ,0.0000 ,0.0000 ,0.0000 ,0.0000 ,0.0006 ,0.0000 ,0.0039 ,0.0039 ,,0.0018 ,0.0000 ,0.0000 ,0.0025 ,,0.0000 ,0.0050 ,0.0000 ,,0.0000 ,0.0000 ,0.0000 ,0.0000 ,0.0000 ,,0.0040 ,0.0000 ,0.0000 ,,,,,,,,,,,,,,,,,,,,,,,,,,,,,,,,,,,,,,,
,16,0.0000 ,0.0000 ,0.0000 ,0.0000 ,0.0000 ,0.0000 ,0.0000 ,0.0000 ,0.0000 ,0.0000 ,0.0000 ,0.0000 ,0.0000 ,,0.0000 ,0.0000 ,0.0000 ,0.0000 ,,0.0000 ,0.0000 ,0.0000 ,,0.0000 ,0.0000 ,0.0000 ,0.0000 ,0.0000 ,,0.0040 ,0.0000 ,0.0000 ,,,,,,,,,,,,,,,,,,,,,,,,,,,,,,,,,,,,,,,
,,,,,,,,,,,,,,,,,,,,,,,,,,,,,,,,,,,,,,,,,,,,,,,,,,,,,,,,,,,,,,,,,,,,,,,,
,,,,,,,,,,,,,,,,,,,,,,,,,,,,,,,,,,,,,,,,,,,,,,,,,,,,,,,,,,,,,,,,,,,,,,,,
Locus 8,D16S539,Ngari,Qamdo,Lhasa,Nagqu,Nyingchi,Xigaz那,Shannan,Aba,Garz那,Qinghai,Yunnan,Gannan,Tianzhu,,Liaoning Han,Japanese,Korean,Mongolian,,Thailand,Malaysia malay,Philippine,,Pakistan,Oraon,Munda,Santal,Bangladesh,,Iran,Afghanistan,Iraq,,,,,,,,,,,,,,,,,,,,,,,,,,,,,,,,,,,,,,,
,7,0.0000 ,0.0000 ,0.0000 ,0.0000 ,0.0000 ,0.0000 ,0.0000 ,0.0000 ,0.0000 ,0.0000 ,0.0000 ,0.0000 ,0.0000 ,,0.0000 ,0.0000 ,0.0000 ,0.0000 ,,0.0000 ,0.0000 ,0.0050 ,,0.0000 ,0.0000 ,0.0080 ,0.0000 ,0.0000 ,,0.0000 ,0.0000 ,0.0000 ,,,,,,,,,,,,,,,,,,,,,,,,,,,,,,,,,,,,,,,
,8,0.0313 ,0.0185 ,0.0325 ,0.0049 ,0.0122 ,0.0261 ,0.0278 ,0.0100 ,0.0094 ,0.0171 ,0.0091 ,0.0118 ,0.0030 ,,0.0046 ,0.0010 ,0.0000 ,0.0076 ,,0.0070 ,0.0140 ,0.0000 ,,0.0607 ,0.1080 ,0.4610 ,0.3030 ,0.0866 ,,0.0508 ,0.0410 ,0.0340 ,,,,,,,,,,,,,,,,,,,,,,,,,,,,,,,,,,,,,,,
,9,0.2438 ,0.1955 ,0.1988 ,0.2167 ,0.1890 ,0.2761 ,0.2833 ,0.1200 ,0.1321 ,0.2188 ,0.2085 ,0.1882 ,0.2381 ,,0.2733 ,0.3450 ,0.3010 ,0.2702 ,,0.2170 ,0.1620 ,0.3160 ,,0.1394 ,0.1920 ,0.0390 ,0.0490 ,0.1772 ,,0.1102 ,0.1660 ,0.1359 ,,,,,,,,,,,,,,,,,,,,,,,,,,,,,,,,,,,,,,,
,10,0.0938 ,0.1276 ,0.1482 ,0.1182 ,0.1829 ,0.1194 ,0.0944 ,0.1000 ,0.1604 ,0.1259 ,0.1405 ,0.1394 ,0.1548 ,,0.1197 ,0.2060 ,0.1770 ,0.1263 ,,0.1710 ,0.1690 ,0.1270 ,,0.1006 ,0.0830 ,0.0630 ,0.0820 ,0.0984 ,,0.0932 ,0.1150 ,0.0874 ,,,,,,,,,,,,,,,,,,,,,,,,,,,,,,,,,,,,,,,
,11,0.3063 ,0.3416 ,0.2614 ,0.3571 ,0.2988 ,0.2351 ,0.2111 ,0.4500 ,0.3019 ,0.3200 ,0.3550 ,0.2953 ,0.2470 ,,0.2614 ,0.1890 ,0.2730 ,0.2424 ,,0.2980 ,0.3020 ,0.3070 ,,0.3047 ,0.2250 ,0.2810 ,0.2870 ,0.2795 ,,0.4110 ,0.3090 ,0.3544 ,,,,,,,,,,,,,,,,,,,,,,,,,,,,,,,,,,,,,,,
,12,0.2250 ,0.2284 ,0.2663 ,0.2266 ,0.2073 ,0.2463 ,0.2611 ,0.3000 ,0.2453 ,0.2182 ,0.1979 ,0.2646 ,0.2381 ,,0.2066 ,0.1810 ,0.1710 ,0.2298 ,,0.1900 ,0.2210 ,0.1320 ,,0.2480 ,0.2330 ,0.1090 ,0.1890 ,0.1969 ,,0.1907 ,0.2530 ,0.2913 ,,,,,,,,,,,,,,,,,,,,,,,,,,,,,,,,,,,,,,,
,13,0.0813 ,0.0823 ,0.0771 ,0.0616 ,0.1037 ,0.0858 ,0.1111 ,0.0200 ,0.1321 ,0.0918 ,0.0785 ,0.0898 ,0.1012 ,,0.1143 ,0.0670 ,0.0760 ,0.0909 ,,0.1050 ,0.1120 ,0.0990 ,,0.1225 ,0.1170 ,0.0390 ,0.0490 ,0.1299 ,,0.1229 ,0.0970 ,0.0874 ,,,,,,,,,,,,,,,,,,,,,,,,,,,,,,,,,,,,,,,
,14,0.0188 ,0.0062 ,0.0157 ,0.0148 ,0.0061 ,0.0075 ,0.0111 ,0.0000 ,0.0189 ,0.0071 ,0.0091 ,0.0110 ,0.0179 ,,0.0192 ,0.0100 ,0.0000 ,0.0328 ,,0.0120 ,0.0190 ,0.0140 ,,0.0219 ,0.0420 ,0.0000 ,0.0410 ,0.0315 ,,0.0169 ,0.0200 ,0.0097 ,,,,,,,,,,,,,,,,,,,,,,,,,,,,,,,,,,,,,,,
,15,0.0000 ,0.0000 ,0.0000 ,0.0000 ,0.0000 ,0.0037 ,0.0000 ,0.0000 ,0.0000 ,0.0012 ,0.0015 ,0.0000 ,0.0000 ,,0.0009 ,0.0010 ,0.0020 ,0.0000 ,,0.0000 ,0.0000 ,0.0000 ,,0.0019 ,0.0000 ,0.0000 ,0.0000 ,0.0000 ,,0.0000 ,0.0000 ,0.0000 ,,,,,,,,,,,,,,,,,,,,,,,,,,,,,,,,,,,,,,,
,17,0.0000 ,0.0000 ,0.0000 ,0.0000 ,0.0000 ,0.0000 ,0.0000 ,0.0000 ,0.0000 ,0.0000 ,0.0000 ,0.0000 ,0.0000 ,,0.0000 ,0.0000 ,0.0000 ,0.0000 ,,0.0000 ,0.0000 ,0.0000 ,,0.0000 ,0.0000 ,0.0000 ,0.0000 ,0.0000 ,,0.0042 ,0.0000 ,0.0000 ,,,,,,,,,,,,,,,,,,,,,,,,,,,,,,,,,,,,,,,
,25.2,0.0000 ,0.0000 ,0.0000 ,0.0000 ,0.0000 ,0.0000 ,0.0000 ,0.0000 ,0.0000 ,0.0000 ,0.0000 ,0.0000 ,0.0000 ,,0.0000 ,0.0000 ,0.0020 ,0.0000 ,,0.0000 ,0.0000 ,0.0000 ,,0.0000 ,0.0000 ,0.0000 ,0.0000 ,0.0000 ,,0.0000 ,0.0000 ,0.0000 ,,,,,,,,,,,,,,,,,,,,,,,,,,,,,,,,,,,,,,,
,,,,,,,,,,,,,,,,,,,,,,,,,,,,,,,,,,,,,,,,,,,,,,,,,,,,,,,,,,,,,,,,,,,,,,,,
,,,,,,,,,,,,,,,,,,,,,,,,,,,,,,,,,,,,,,,,,,,,,,,,,,,,,,,,,,,,,,,,,,,,,,,,
Locus 9,D2S1338 ,Ngari,Qamdo,Lhasa,Nagqu,Nyingchi,Xigaz那,Shannan,Aba,Garz那,Qinghai,Yunnan,Gannan,Tianzhu,,Liaoning Han,Japanese,Korean,Mongolian,,Thailand,Malaysia malay,Philippine,,Pakistan,Oraon,Munda,Santal,Bangladesh,,Iran,Afghanistan,Iraq,,,,,,,,,,,,,,,,,,,,,,,,,,,,,,,,,,,,,,,
,10,0.0000 ,0.0000 ,0.0000 ,0.0025 ,0.0000 ,0.0000 ,0.0000 ,0.0000 ,0.0000 ,0.0000 ,0.0000 ,0.0000 ,0.0000 ,,0.0000 ,0.0000 ,0.0000 ,0.0000 ,,0.0000 ,0.0000 ,0.0000 ,,0.0000 ,0.0000 ,0.0000 ,0.0000 ,0.0000 ,,0.0000 ,0.0000 ,0.0000 ,,,,,,,,,,,,,,,,,,,,,,,,,,,,,,,,,,,,,,,
,11,0.0000 ,0.0000 ,0.0000 ,0.0025 ,0.0000 ,0.0000 ,0.0000 ,0.0000 ,0.0000 ,0.0000 ,0.0000 ,0.0000 ,0.0000 ,,0.0000 ,0.0000 ,0.0000 ,0.0000 ,,0.0000 ,0.0000 ,0.0000 ,,0.0000 ,0.0000 ,0.0000 ,0.0000 ,0.0000 ,,0.0000 ,0.0000 ,0.0000 ,,,,,,,,,,,,,,,,,,,,,,,,,,,,,,,,,,,,,,,
,15,0.0000 ,0.0000 ,0.0000 ,0.0000 ,0.0000 ,0.0000 ,0.0000 ,0.0000 ,0.0000 ,0.0000 ,0.0000 ,0.0000 ,0.0000 ,,0.0000 ,0.0010 ,0.0000 ,0.0000 ,,0.0000 ,0.0020 ,0.0000 ,,0.0000 ,0.0000 ,0.0000 ,0.0000 ,0.0039 ,,0.0043 ,0.0000 ,0.0243 ,,,,,,,,,,,,,,,,,,,,,,,,,,,,,,,,,,,,,,,
,16,0.0000 ,0.0165 ,0.0036 ,0.0049 ,0.0061 ,0.0149 ,0.0056 ,0.0100 ,0.0189 ,0.0071 ,0.0030 ,0.0024 ,0.0060 ,,0.0073 ,0.0100 ,0.0060 ,0.0000 ,,0.0210 ,0.0240 ,0.0240 ,,0.0049 ,0.0000 ,0.0000 ,0.0000 ,0.0039 ,,0.0304 ,0.0310 ,0.0437 ,,,,,,,,,,,,,,,,,,,,,,,,,,,,,,,,,,,,,,,
,17,0.0500 ,0.0453 ,0.0349 ,0.0345 ,0.0244 ,0.0448 ,0.0333 ,0.0400 ,0.0660 ,0.0465 ,0.0453 ,0.0488 ,0.0506 ,,0.0576 ,0.1000 ,0.1020 ,0.0379 ,,0.0860 ,0.0900 ,0.0990 ,,0.1065 ,0.0580 ,0.0320 ,0.0570 ,0.0709 ,,0.1739 ,0.1300 ,0.2233 ,,,,,,,,,,,,,,,,,,,,,,,,,,,,,,,,,,,,,,,
,18,0.0938 ,0.0782 ,0.1072 ,0.1108 ,0.0915 ,0.1119 ,0.1500 ,0.1000 ,0.0283 ,0.1041 ,0.0997 ,0.0890 ,0.1191 ,,0.1234 ,0.1620 ,0.1470 ,0.1061 ,,0.0690 ,0.0880 ,0.0280 ,,0.1514 ,0.1330 ,0.1690 ,0.2380 ,0.1417 ,,0.1348 ,0.1200 ,0.1165 ,,,,,,,,,,,,,,,,,,,,,,,,,,,,,,,,,,,,,,,
,19,0.2250 ,0.2305 ,0.1663 ,0.1700 ,0.2500 ,0.1791 ,0.1278 ,0.2200 ,0.2547 ,0.2106 ,0.1918 ,0.1504 ,0.1696 ,,0.1527 ,0.1960 ,0.1820 ,0.2399 ,,0.2260 ,0.2430 ,0.2170 ,,0.1633 ,0.1920 ,0.2580 ,0.1800 ,0.2126 ,,0.1000 ,0.1560 ,0.1019 ,,,,,,,,,,,,,,,,,,,,,,,,,,,,,,,,,,,,,,,
,19.2,0.0000 ,0.0000 ,0.0000 ,0.0000 ,0.0000 ,0.0000 ,0.0000 ,0.0000 ,0.0000 ,0.0000 ,0.0000 ,0.0000 ,0.0000 ,,0.0000 ,0.0000 ,0.0020 ,0.0000 ,,0.0000 ,0.0000 ,0.0000 ,,0.0000 ,0.0000 ,0.0000 ,0.0000 ,0.0000 ,,0.0000 ,0.0000 ,0.0000 ,,,,,,,,,,,,,,,,,,,,,,,,,,,,,,,,,,,,,,,
,20,0.1188 ,0.1379 ,0.1181 ,0.1601 ,0.1280 ,0.1157 ,0.0889 ,0.2300 ,0.1509 ,0.1588 ,0.1133 ,0.1740 ,0.1280 ,,0.1188 ,0.0840 ,0.1130 ,0.1212 ,,0.1360 ,0.0930 ,0.0900 ,,0.1255 ,0.0830 ,0.0970 ,0.0660 ,0.0945 ,,0.1261 ,0.1380 ,0.1796 ,,,,,,,,,,,,,,,,,,,,,,,,,,,,,,,,,,,,,,,
,21,0.0688 ,0.0391 ,0.0482 ,0.0640 ,0.0610 ,0.0299 ,0.0611 ,0.0400 ,0.0660 ,0.0447 ,0.0619 ,0.0402 ,0.0387 ,,0.0311 ,0.0140 ,0.0190 ,0.0429 ,,0.0620 ,0.0450 ,0.0190 ,,0.0388 ,0.0500 ,0.0560 ,0.0490 ,0.0433 ,,0.0304 ,0.0330 ,0.0340 ,,,,,,,,,,,,,,,,,,,,,,,,,,,,,,,,,,,,,,,
,22,0.0125 ,0.0679 ,0.0494 ,0.0123 ,0.0244 ,0.0336 ,0.0333 ,0.0300 ,0.0472 ,0.0388 ,0.0710 ,0.0449 ,0.0566 ,,0.0420 ,0.0550 ,0.0280 ,0.0606 ,,0.0380 ,0.0900 ,0.1320 ,,0.0458 ,0.0330 ,0.0560 ,0.0660 ,0.0827 ,,0.0217 ,0.0380 ,0.0388 ,,,,,,,,,,,,,,,,,,,,,,,,,,,,,,,,,,,,,,,
,23,0.1938 ,0.2305 ,0.2446 ,0.2611 ,0.2439 ,0.2388 ,0.2500 ,0.2200 ,0.2453 ,0.2029 ,0.1980 ,0.2528 ,0.1845 ,,0.1993 ,0.1440 ,0.1750 ,0.1742 ,,0.1640 ,0.1450 ,0.1560 ,,0.1613 ,0.2330 ,0.1770 ,0.1890 ,0.1614 ,,0.1696 ,0.2020 ,0.1311 ,,,,,,,,,,,,,,,,,,,,,,,,,,,,,,,,,,,,,,,
,24,0.2000 ,0.1070 ,0.1518 ,0.1330 ,0.1098 ,0.1567 ,0.1778 ,0.1000 ,0.0755 ,0.1206 ,0.1526 ,0.1457 ,0.1399 ,,0.1819 ,0.1240 ,0.1340 ,0.1288 ,,0.1500 ,0.0930 ,0.1560 ,,0.1075 ,0.1330 ,0.0730 ,0.0740 ,0.1102 ,,0.1000 ,0.0840 ,0.0583 ,,,,,,,,,,,,,,,,,,,,,,,,,,,,,,,,,,,,,,,
,25,0.0313 ,0.0350 ,0.0602 ,0.0419 ,0.0427 ,0.0672 ,0.0667 ,0.0000 ,0.0283 ,0.0559 ,0.0559 ,0.0417 ,0.0952 ,,0.0640 ,0.0700 ,0.0690 ,0.0556 ,,0.0430 ,0.0710 ,0.0750 ,,0.0767 ,0.0420 ,0.0560 ,0.0570 ,0.0591 ,,0.1043 ,0.0590 ,0.0437 ,,,,,,,,,,,,,,,,,,,,,,,,,,,,,,,,,,,,,,,
,26,0.0063 ,0.0103 ,0.0108 ,0.0025 ,0.0183 ,0.0075 ,0.0056 ,0.0000 ,0.0189 ,0.0076 ,0.0076 ,0.0087 ,0.0119 ,,0.0174 ,0.0330 ,0.0150 ,0.0278 ,,0.0050 ,0.0140 ,0.0050 ,,0.0169 ,0.0170 ,0.0160 ,0.0250 ,0.0118 ,,0.0043 ,0.0100 ,0.0049 ,,,,,,,,,,,,,,,,,,,,,,,,,,,,,,,,,,,,,,,
,27,0.0000 ,0.0021 ,0.0048 ,0.0000 ,0.0000 ,0.0000 ,0.0000 ,0.0100 ,0.0000 ,0.0024 ,0.0000 ,0.0008 ,0.0000 ,,0.0037 ,0.0050 ,0.0040 ,0.0000 ,,0.0000 ,0.0000 ,0.0000 ,,0.0009 ,0.0250 ,0.0080 ,0.0000 ,0.0039 ,,0.0000 ,0.0000 ,0.0000 ,,,,,,,,,,,,,,,,,,,,,,,,,,,,,,,,,,,,,,,
,28,0.0000 ,0.0000 ,0.0000 ,0.0000 ,0.0000 ,0.0000 ,0.0000 ,0.0000 ,0.0000 ,0.0000 ,0.0000 ,0.0008 ,0.0000 ,,0.0009 ,0.0020 ,0.0000 ,0.0051 ,,0.0000 ,0.0000 ,0.0000 ,,0.0000 ,0.0000 ,0.0000 ,0.0000 ,0.0000 ,,0.0000 ,0.0000 ,0.0000 ,,,,,,,,,,,,,,,,,,,,,,,,,,,,,,,,,,,,,,,
,29,0.0000 ,0.0000 ,0.0000 ,0.0000 ,0.0000 ,0.0000 ,0.0000 ,0.0000 ,0.0000 ,0.0000 ,0.0000 ,0.0000 ,0.0000 ,,0.0000 ,0.0000 ,0.0020 ,0.0000 ,,0.0000 ,0.0000 ,0.0000 ,,0.0000 ,0.0000 ,0.0000 ,0.0000 ,0.0000 ,,0.0000 ,0.0000 ,0.0000 ,,,,,,,,,,,,,,,,,,,,,,,,,,,,,,,,,,,,,,,
,,,,,,,,,,,,,,,,,,,,,,,,,,,,,,,,,,,,,,,,,,,,,,,,,,,,,,,,,,,,,,,,,,,,,,,,
,,,,,,,,,,,,,,,,,,,,,,,,,,,,,,,,,,,,,,,,,,,,,,,,,,,,,,,,,,,,,,,,,,,,,,,,
Locus 10, D19S433,Ngari,Qamdo,Lhasa,Nagqu,Nyingchi,Xigaz那,Shannan,Aba,Garz那,Qinghai,Yunnan,Gannan,Tianzhu,,Liaoning Han,Japanese,Korean,Mongolian,,Thailand,Malaysia malay,Philippine,,Pakistan,Oraon,Munda,Santal,Bangladesh,,Iran,Afghanistan,Iraq,,,,,,,,,,,,,,,,,,,,,,,,,,,,,,,,,,,,,,,
,9,0.0000 ,0.0000 ,0.0000 ,0.0000 ,0.0000 ,0.0000 ,0.0000 ,0.0000 ,0.0000 ,0.0000 ,0.0000 ,0.0000 ,0.0000 ,,0.0000 ,0.0000 ,0.0000 ,0.0000 ,,0.0170 ,0.0070 ,0.0000 ,,0.0009 ,0.0000 ,0.0080 ,0.0000 ,0.0000 ,,0.0000 ,0.0000 ,0.0000 ,,,,,,,,,,,,,,,,,,,,,,,,,,,,,,,,,,,,,,,
,10,0.0000 ,0.0000 ,0.0000 ,0.0000 ,0.0000 ,0.0000 ,0.0000 ,0.0000 ,0.0000 ,0.0000 ,0.0000 ,0.0008 ,0.0000 ,,0.0000 ,0.0020 ,0.0000 ,0.0000 ,,0.0000 ,0.0000 ,0.0050 ,,0.0009 ,0.0590 ,0.0000 ,0.0079 ,0.0079 ,,0.0000 ,0.0000 ,0.0000 ,,,,,,,,,,,,,,,,,,,,,,,,,,,,,,,,,,,,,,,
,10.2,0.0000 ,0.0021 ,0.0012 ,0.0000 ,0.0000 ,0.0000 ,0.0000 ,0.0000 ,0.0094 ,0.0000 ,0.0000 ,0.0000 ,0.0000 ,,0.0000 ,0.0000 ,0.0000 ,0.0000 ,,0.0000 ,0.0000 ,0.0000 ,,0.0000 ,0.0000 ,0.0000 ,0.0039 ,0.0039 ,,0.0000 ,0.0000 ,0.0000 ,,,,,,,,,,,,,,,,,,,,,,,,,,,,,,,,,,,,,,,
,11,0.0000 ,0.0021 ,0.0000 ,0.0025 ,0.0000 ,0.0037 ,0.0056 ,0.0000 ,0.0000 ,0.0012 ,0.0015 ,0.0016 ,0.0030 ,,0.0009 ,0.0030 ,0.0020 ,0.0025 ,,0.0000 ,0.0020 ,0.0000 ,,0.0000 ,0.0170 ,0.0230 ,0.0000 ,0.0000 ,,0.0121 ,0.0030 ,0.0049 ,,,,,,,,,,,,,,,,,,,,,,,,,,,,,,,,,,,,,,,
,11.2,0.0000 ,0.0000 ,0.0000 ,0.0000 ,0.0000 ,0.0000 ,0.0000 ,0.0000 ,0.0000 ,0.0000 ,0.0000 ,0.0024 ,0.0000 ,,0.0000 ,0.0000 ,0.0020 ,0.0000 ,,0.0000 ,0.0020 ,0.0000 ,,0.0009 ,0.0170 ,0.0000 ,0.0000 ,0.0000 ,,0.0000 ,0.0000 ,0.0000 ,,,,,,,,,,,,,,,,,,,,,,,,,,,,,,,,,,,,,,,
,12,0.0250 ,0.0185 ,0.0482 ,0.0394 ,0.0366 ,0.0336 ,0.0500 ,0.0100 ,0.0283 ,0.0324 ,0.0332 ,0.0291 ,0.0268 ,,0.0430 ,0.0550 ,0.0280 ,0.0455 ,,0.0360 ,0.0600 ,0.0380 ,,0.0796 ,0.0680 ,0.0620 ,0.0551 ,0.0551 ,,0.0726 ,0.0740 ,0.0922 ,,,,,,,,,,,,,,,,,,,,,,,,,,,,,,,,,,,,,,,
,12.2,0.0063 ,0.0082 ,0.0060 ,0.0049 ,0.0000 ,0.0075 ,0.0111 ,0.0000 ,0.0000 ,0.0047 ,0.0045 ,0.0024 ,0.0030 ,,0.0055 ,0.0070 ,0.0040 ,0.0025 ,,0.0020 ,0.0050 ,0.0050 ,,0.0069 ,0.0080 ,0.0000 ,0.0197 ,0.0197 ,,0.0040 ,0.0050 ,0.0097 ,,,,,,,,,,,,,,,,,,,,,,,,,,,,,,,,,,,,,,,
,13,0.3250 ,0.2428 ,0.2349 ,0.2660 ,0.2073 ,0.1903 ,0.2944 ,0.1600 ,0.2547 ,0.2506 ,0.2175 ,0.2307 ,0.2946 ,,0.2934 ,0.3050 ,0.3270 ,0.3308 ,,0.2810 ,0.2240 ,0.3070 ,,0.2549 ,0.3140 ,0.3230 ,0.2559 ,0.2559 ,,0.2298 ,0.2720 ,0.1845 ,,,,,,,,,,,,,,,,,,,,,,,,,,,,,,,,,,,,,,,
,13.2,0.0313 ,0.0453 ,0.0434 ,0.0394 ,0.0427 ,0.0336 ,0.0167 ,0.0400 ,0.0472 ,0.0460 ,0.0438 ,0.0567 ,0.0417 ,,0.0430 ,0.0270 ,0.0260 ,0.0581 ,,0.0360 ,0.0500 ,0.0280 ,,0.0089 ,0.0000 ,0.0150 ,0.0394 ,0.0394 ,,0.0202 ,0.0150 ,0.0534 ,,,,,,,,,,,,,,,,,,,,,,,,,,,,,,,,,,,,,,,
,14,0.2938 ,0.2181 ,0.2735 ,0.2512 ,0.3049 ,0.2910 ,0.3167 ,0.3400 ,0.2547 ,0.2376 ,0.2450 ,0.2772 ,0.2976 ,,0.2276 ,0.3560 ,0.2680 ,0.2803 ,,0.2170 ,0.2070 ,0.1230 ,,0.2450 ,0.2280 ,0.2310 ,0.2795 ,0.2795 ,,0.3024 ,0.3000 ,0.2282 ,,,,,,,,,,,,,,,,,,,,,,,,,,,,,,,,,,,,,,,
,14.2,0.1063 ,0.1646 ,0.1639 ,0.1749 ,0.1463 ,0.1455 ,0.1000 ,0.1200 ,0.1604 ,0.1397 ,0.1586 ,0.1315 ,0.0923 ,,0.1289 ,0.0830 ,0.1020 ,0.0783 ,,0.0930 ,0.0900 ,0.0850 ,,0.0677 ,0.0420 ,0.0310 ,0.0787 ,0.0787 ,,0.0444 ,0.0230 ,0.0243 ,,,,,,,,,,,,,,,,,,,,,,,,,,,,,,,,,,,,,,,
,15,0.0500 ,0.0844 ,0.0711 ,0.0640 ,0.0976 ,0.0933 ,0.1056 ,0.1900 ,0.1132 ,0.0914 ,0.1042 ,0.0850 ,0.0655 ,,0.0695 ,0.0460 ,0.0540 ,0.0606 ,,0.0980 ,0.1020 ,0.0900 ,,0.1344 ,0.0930 ,0.1150 ,0.0906 ,0.0906 ,,0.1169 ,0.1230 ,0.2184 ,,,,,,,,,,,,,,,,,,,,,,,,,,,,,,,,,,,,,,,
,15.2,0.1000 ,0.1317 ,0.1108 ,0.1010 ,0.0915 ,0.1455 ,0.0722 ,0.0400 ,0.0660 ,0.1285 ,0.1193 ,0.1323 ,0.1250 ,,0.1408 ,0.1000 ,0.1520 ,0.1010 ,,0.1740 ,0.2050 ,0.2740 ,,0.0846 ,0.0590 ,0.1080 ,0.0906 ,0.0906 ,,0.0766 ,0.1000 ,0.0728 ,,,,,,,,,,,,,,,,,,,,,,,,,,,,,,,,,,,,,,,
,16,0.0063 ,0.0144 ,0.0108 ,0.0148 ,0.0244 ,0.0224 ,0.0111 ,0.0400 ,0.0094 ,0.0206 ,0.0181 ,0.0165 ,0.0179 ,,0.0101 ,0.0040 ,0.0000 ,0.0101 ,,0.0140 ,0.0260 ,0.0140 ,,0.0557 ,0.0590 ,0.0680 ,0.0551 ,0.0551 ,,0.0726 ,0.0560 ,0.0583 ,,,,,,,,,,,,,,,,,,,,,,,,,,,,,,,,,,,,,,,
,16.2,0.0438 ,0.0494 ,0.0289 ,0.0369 ,0.0427 ,0.0299 ,0.0167 ,0.0400 ,0.0566 ,0.0389 ,0.0498 ,0.0299 ,0.0268 ,,0.0293 ,0.0090 ,0.0320 ,0.0253 ,,0.0310 ,0.0140 ,0.0330 ,,0.0448 ,0.0340 ,0.0080 ,0.0157 ,0.0157 ,,0.0363 ,0.0150 ,0.0437 ,,,,,,,,,,,,,,,,,,,,,,,,,,,,,,,,,,,,,,,
,17,0.0125 ,0.0082 ,0.0048 ,0.0025 ,0.0061 ,0.0000 ,0.0000 ,0.0100 ,0.0000 ,0.0035 ,0.0030 ,0.0016 ,0.0030 ,,0.0009 ,0.0000 ,0.0000 ,0.0000 ,,0.0000 ,0.0050 ,0.0000 ,,0.0099 ,0.0000 ,0.0000 ,0.0039 ,0.0039 ,,0.0081 ,0.0050 ,0.0097 ,,,,,,,,,,,,,,,,,,,,,,,,,,,,,,,,,,,,,,,
,17.2,0.0000 ,0.0082 ,0.0024 ,0.0025 ,0.0000 ,0.0000 ,0.0000 ,0.0000 ,0.0000 ,0.0047 ,0.0015 ,0.0016 ,0.0030 ,,0.0064 ,0.0030 ,0.0020 ,0.0051 ,,0.0020 ,0.0000 ,0.0000 ,,0.0039 ,0.0000 ,0.0080 ,0.0039 ,0.0039 ,,0.0040 ,0.0050 ,0.0000 ,,,,,,,,,,,,,,,,,,,,,,,,,,,,,,,,,,,,,,,
,18,0.0000 ,0.0000 ,0.0000 ,0.0000 ,0.0000 ,0.0037 ,0.0000 ,0.0000 ,0.0000 ,0.0000 ,0.0000 ,0.0008 ,0.0000 ,,0.0000 ,0.0000 ,0.0000 ,0.0000 ,,0.0000 ,0.0000 ,0.0000 ,,0.0000 ,0.0000 ,0.0000 ,0.0000 ,0.0000 ,,0.0000 ,0.0030 ,0.0000 ,,,,,,,,,,,,,,,,,,,,,,,,,,,,,,,,,,,,,,,
,18.2,0.0000 ,0.0021 ,0.0000 ,0.0000 ,0.0000 ,0.0000 ,0.0000 ,0.0100 ,0.0000 ,0.0000 ,0.0000 ,0.0000 ,0.0000 ,,0.0009 ,0.0000 ,0.0000 ,0.0000 ,,0.0000 ,0.0000 ,0.0000 ,,0.0000 ,0.0000 ,0.0000 ,0.0000 ,0.0000 ,,0.0000 ,0.0000 ,0.0000 ,,,,,,,,,,,,,,,,,,,,,,,,,,,,,,,,,,,,,,,
,,,,,,,,,,,,,,,,,,,,,,,,,,,,,,,,,,,,,,,,,,,,,,,,,,,,,,,,,,,,,,,,,,,,,,,,
,,,,,,,,,,,,,,,,,,,,,,,,,,,,,,,,,,,,,,,,,,,,,,,,,,,,,,,,,,,,,,,,,,,,,,,,
Locus 11,VWA,Ngari,Qamdo,Lhasa,Nagqu,Nyingchi,Xigaz那,Shannan,Aba,Garz那,Qinghai,Yunnan,Gannan,Tianzhu,,Liaoning Han,Japanese,Korean,Mongolian,,Thailand,Malaysia malay,Philippine,,Pakistan,Oraon,Munda,Santal,Bangladesh,,Iran,Afghanistan,Iraq,,,,,,,,,,,,,,,,,,,,,,,,,,,,,,,,,,,,,,,
,10,0.0000 ,0.0000 ,0.0000 ,0.0000 ,0.0000 ,0.0000 ,0.0000 ,0.0000 ,0.0000 ,0.0000 ,0.0015 ,0.0000 ,0.0000 ,,0.0000 ,0.0000 ,0.0000 ,0.0000 ,,0.0000 ,0.0000 ,0.0000 ,,0.0009 ,0.0000 ,0.0000 ,0.0000 ,0.0000 ,,0.0000 ,0.0000 ,0.0000 ,,,,,,,,,,,,,,,,,,,,,,,,,,,,,,,,,,,,,,,
,11,0.0000 ,0.0000 ,0.0000 ,0.0000 ,0.0000 ,0.0000 ,0.0000 ,0.0000 ,0.0000 ,0.0000 ,0.0000 ,0.0000 ,0.0000 ,,0.0000 ,0.0000 ,0.0000 ,0.0000 ,,0.0000 ,0.0000 ,0.0000 ,,0.0000 ,0.0000 ,0.0000 ,0.0000 ,0.0000 ,,0.0000 ,0.0000 ,0.0000 ,,,,,,,,,,,,,,,,,,,,,,,,,,,,,,,,,,,,,,,
,13,0.0000 ,0.0000 ,0.0012 ,0.0000 ,0.0000 ,0.0000 ,0.0000 ,0.0000 ,0.0000 ,0.0000 ,0.0015 ,0.0008 ,0.0060 ,,0.0018 ,0.0010 ,0.0000 ,0.0000 ,,0.0000 ,0.0020 ,0.0050 ,,0.0079 ,0.0170 ,0.0000 ,0.0000 ,0.0000 ,,0.0080 ,0.0050 ,0.0000 ,,,,,,,,,,,,,,,,,,,,,,,,,,,,,,,,,,,,,,,
,14,0.1625 ,0.1543 ,0.1482 ,0.1847 ,0.1951 ,0.1418 ,0.1722 ,0.1500 ,0.1415 ,0.1949 ,0.1707 ,0.1921 ,0.1994 ,,0.2267 ,0.1920 ,0.2060 ,0.1061 ,,0.2570 ,0.1860 ,0.1980 ,,0.1065 ,0.1920 ,0.2000 ,0.2210 ,0.1535 ,,0.1640 ,0.0870 ,0.0437 ,,,,,,,,,,,,,,,,,,,,,,,,,,,,,,,,,,,,,,,
,15,0.0125 ,0.0206 ,0.0422 ,0.0074 ,0.0183 ,0.0336 ,0.0333 ,0.0100 ,0.0283 ,0.0289 ,0.0091 ,0.0134 ,0.0208 ,,0.0320 ,0.0260 ,0.0220 ,0.0581 ,,0.0260 ,0.0520 ,0.0520 ,,0.0966 ,0.1080 ,0.0310 ,0.0820 ,0.0709 ,,0.0840 ,0.0870 ,0.0971 ,,,,,,,,,,,,,,,,,,,,,,,,,,,,,,,,,,,,,,,
,15.2,0.0000 ,0.0000 ,0.0000 ,0.0000 ,0.0000 ,0.0000 ,0.0000 ,0.0000 ,0.0000 ,0.0000 ,0.0000 ,0.0000 ,0.0000 ,,0.0000 ,0.0000 ,0.0000 ,0.0000 ,,0.0000 ,0.0000 ,0.0000 ,,0.0000 ,0.0250 ,0.0080 ,0.0080 ,0.0000 ,,0.0000 ,0.0030 ,0.0000 ,,,,,,,,,,,,,,,,,,,,,,,,,,,,,,,,,,,,,,,
,16,0.3063 ,0.2469 ,0.2663 ,0.2685 ,0.2439 ,0.2425 ,0.2611 ,0.2600 ,0.1887 ,0.2108 ,0.2447 ,0.2669 ,0.2351 ,,0.1947 ,0.2220 ,0.1820 ,0.3030 ,,0.1450 ,0.1810 ,0.1370 ,,0.2490 ,0.1830 ,0.1920 ,0.1480 ,0.1732 ,,0.1880 ,0.2760 ,0.3204 ,,,,,,,,,,,,,,,,,,,,,,,,,,,,,,,,,,,,,,,
,17,0.2313 ,0.2778 ,0.2446 ,0.2414 ,0.2561 ,0.2351 ,0.2389 ,0.3000 ,0.3113 ,0.2603 ,0.2600 ,0.2693 ,0.2589 ,,0.2614 ,0.2820 ,0.3030 ,0.2348 ,,0.2400 ,0.2450 ,0.2220 ,,0.2749 ,0.1580 ,0.2150 ,0.1890 ,0.2559 ,,0.2800 ,0.2760 ,0.2184 ,,,,,,,,,,,,,,,,,,,,,,,,,,,,,,,,,,,,,,,
,18,0.1313 ,0.1872 ,0.1783 ,0.1576 ,0.1951 ,0.2015 ,0.1722 ,0.2000 ,0.1887 ,0.1873 ,0.1903 ,0.1409 ,0.1756 ,,0.1609 ,0.1960 ,0.1820 ,0.2222 ,,0.2070 ,0.2290 ,0.2830 ,,0.1693 ,0.2000 ,0.1850 ,0.2460 ,0.2047 ,,0.1880 ,0.1700 ,0.2282 ,,,,,,,,,,,,,,,,,,,,,,,,,,,,,,,,,,,,,,,
,19,0.1313 ,0.0844 ,0.1024 ,0.1158 ,0.0732 ,0.1157 ,0.0944 ,0.0600 ,0.1321 ,0.0989 ,0.1012 ,0.1000 ,0.0893 ,,0.1060 ,0.0640 ,0.0890 ,0.0631 ,,0.1140 ,0.0900 ,0.0940 ,,0.0786 ,0.0920 ,0.1690 ,0.0980 ,0.1299 ,,0.0840 ,0.0890 ,0.0680 ,,,,,,,,,,,,,,,,,,,,,,,,,,,,,,,,,,,,,,,
,20,0.0250 ,0.0267 ,0.0169 ,0.0246 ,0.0122 ,0.0299 ,0.0222 ,0.0200 ,0.0094 ,0.0188 ,0.0211 ,0.0165 ,0.0119 ,,0.0155 ,0.0170 ,0.0170 ,0.0126 ,,0.0100 ,0.0140 ,0.0090 ,,0.0139 ,0.0250 ,0.0000 ,0.0080 ,0.0118 ,,0.0040 ,0.0080 ,0.0243 ,,,,,,,,,,,,,,,,,,,,,,,,,,,,,,,,,,,,,,,
,21,0.0000 ,0.0021 ,0.0000 ,0.0000 ,0.0061 ,0.0000 ,0.0056 ,0.0000 ,0.0000 ,0.0000 ,0.0000 ,0.0000 ,0.0030 ,,0.0009 ,0.0000 ,0.0000 ,0.0000 ,,0.0000 ,0.0000 ,0.0000 ,,0.0019 ,0.0000 ,0.0000 ,0.0000 ,0.0000 ,,0.0000 ,0.0000 ,0.0000 ,,,,,,,,,,,,,,,,,,,,,,,,,,,,,,,,,,,,,,,
,,,,,,,,,,,,,,,,,,,,,,,,,,,,,,,,,,,,,,,,,,,,,,,,,,,,,,,,,,,,,,,,,,,,,,,,
,,,,,,,,,,,,,,,,,,,,,,,,,,,,,,,,,,,,,,,,,,,,,,,,,,,,,,,,,,,,,,,,,,,,,,,,
Locus 12, D18S51 ,Ngari,Qamdo,Lhasa,Nagqu,Nyingchi,Xigaz那,Shannan,Aba,Garz那,Qinghai,Yunnan,Gannan,Tianzhu,,Liaoning Han,Japanese,Korean,Mongolian,,Thailand,Malaysia malay,Philippine,,Pakistan,Oraon,Munda,Santal,Bangladesh,,Iran,Afghanistan,Iraq,,,,,,,,,,,,,,,,,,,,,,,,,,,,,,,,,,,,,,,
,7,0.0000 ,0.0000 ,0.0000 ,0.0000 ,0.0000 ,0.0000 ,0.0000 ,0.0000 ,0.0000 ,0.0000 ,0.0000 ,0.0008 ,0.0000 ,,0.0000 ,0.0000 ,0.0000 ,0.0000 ,,0.0000 ,0.0000 ,0.0000 ,,0.0000 ,0.0000 ,0.0000 ,0.0000 ,0.0000 ,,0.0000 ,0.0000 ,0.0000 ,,,,,,,,,,,,,,,,,,,,,,,,,,,,,,,,,,,,,,,
,8,0.0000 ,0.0000 ,0.0000 ,0.0000 ,0.0000 ,0.0000 ,0.0000 ,0.0000 ,0.0000 ,0.0000 ,0.0000 ,0.0000 ,0.0000 ,,0.0009 ,0.0000 ,0.0020 ,0.0000 ,,0.0000 ,0.0000 ,0.0000 ,,0.0000 ,0.0180 ,0.0000 ,0.0000 ,0.0000 ,,0.0000 ,0.0000 ,0.0000 ,,,,,,,,,,,,,,,,,,,,,,,,,,,,,,,,,,,,,,,
,9,0.0000 ,0.0000 ,0.0000 ,0.0000 ,0.0000 ,0.0000 ,0.0000 ,0.0000 ,0.0000 ,0.0000 ,0.0000 ,0.0008 ,0.0000 ,,0.0000 ,0.0000 ,0.0000 ,0.0000 ,,0.0000 ,0.0000 ,0.0000 ,,0.0000 ,0.0000 ,0.0000 ,0.0000 ,0.0039 ,,0.0000 ,0.0000 ,0.0000 ,,,,,,,,,,,,,,,,,,,,,,,,,,,,,,,,,,,,,,,
,10,0.0000 ,0.0000 ,0.0012 ,0.0000 ,0.0000 ,0.0037 ,0.0000 ,0.0000 ,0.0000 ,0.0006 ,0.0000 ,0.0008 ,0.0000 ,,0.0009 ,0.0010 ,0.0020 ,0.0000 ,,0.0000 ,0.0000 ,0.0000 ,,0.0079 ,0.0000 ,0.0080 ,0.0000 ,0.0000 ,,0.0268 ,0.0150 ,0.0098 ,,,,,,,,,,,,,,,,,,,,,,,,,,,,,,,,,,,,,,,
,10.2,0.0000 ,0.0000 ,0.0000 ,0.0000 ,0.0000 ,0.0000 ,0.0000 ,0.0000 ,0.0000 ,0.0000 ,0.0000 ,0.0000 ,0.0000 ,,0.0000 ,0.0000 ,0.0000 ,0.0000 ,,0.0000 ,0.0020 ,0.0000 ,,0.0000 ,0.0000 ,0.0000 ,0.0000 ,0.0000 ,,0.0000 ,0.0000 ,0.0000 ,,,,,,,,,,,,,,,,,,,,,,,,,,,,,,,,,,,,,,,
,11,0.0000 ,0.0000 ,0.0024 ,0.0000 ,0.0000 ,0.0000 ,0.0000 ,0.0000 ,0.0000 ,0.0018 ,0.0000 ,0.0032 ,0.0030 ,,0.0037 ,0.0060 ,0.0150 ,0.0051 ,,0.0120 ,0.0140 ,0.0190 ,,0.0199 ,0.0080 ,0.0080 ,0.0170 ,0.0197 ,,0.0313 ,0.0220 ,0.0196 ,,,,,,,,,,,,,,,,,,,,,,,,,,,,,,,,,,,,,,,
,12,0.0313 ,0.0226 ,0.0157 ,0.0222 ,0.0183 ,0.0224 ,0.0111 ,0.0300 ,0.0377 ,0.0194 ,0.0423 ,0.0150 ,0.0268 ,,0.0320 ,0.0560 ,0.0500 ,0.0303 ,,0.0690 ,0.0600 ,0.0470 ,,0.0926 ,0.0080 ,0.0490 ,0.0420 ,0.0748 ,,0.1518 ,0.0720 ,0.1471 ,,,,,,,,,,,,,,,,,,,,,,,,,,,,,,,,,,,,,,,
,13,0.2313 ,0.3230 ,0.2928 ,0.2808 ,0.3049 ,0.2612 ,0.2667 ,0.3400 ,0.3302 ,0.2898 ,0.2900 ,0.3016 ,0.2351 ,,0.2112 ,0.1800 ,0.1840 ,0.1591 ,,0.1330 ,0.0900 ,0.0800 ,,0.1006 ,0.1490 ,0.1480 ,0.1670 ,0.1339 ,,0.1205 ,0.1280 ,0.1765 ,,,,,,,,,,,,,,,,,,,,,,,,,,,,,,,,,,,,,,,
,13.2,0.0000 ,0.0000 ,0.0000 ,0.0000 ,0.0000 ,0.0000 ,0.0000 ,0.0000 ,0.0000 ,0.0000 ,0.0000 ,0.0000 ,0.0000 ,,0.0000 ,0.0000 ,0.0000 ,0.0000 ,,0.0000 ,0.0000 ,0.0000 ,,0.0000 ,0.0000 ,0.0080 ,0.0000 ,0.0000 ,,0.0000 ,0.0000 ,0.0000 ,,,,,,,,,,,,,,,,,,,,,,,,,,,,,,,,,,,,,,,
,14,0.1750 ,0.1749 ,0.1723 ,0.1749 ,0.1707 ,0.2612 ,0.2278 ,0.1200 ,0.1415 ,0.1779 ,0.1994 ,0.1638 ,0.2173 ,,0.1947 ,0.1980 ,0.2510 ,0.2323 ,,0.1790 ,0.1950 ,0.2500 ,,0.2619 ,0.3680 ,0.3200 ,0.2750 ,0.2953 ,,0.2277 ,0.2140 ,0.2010 ,,,,,,,,,,,,,,,,,,,,,,,,,,,,,,,,,,,,,,,
,14.2,0.0000 ,0.0000 ,0.0000 ,0.0000 ,0.0000 ,0.0000 ,0.0000 ,0.0000 ,0.0000 ,0.0000 ,0.0000 ,0.0000 ,0.0000 ,,0.0000 ,0.0000 ,0.0000 ,0.0000 ,,0.0000 ,0.0000 ,0.0000 ,,0.0000 ,0.0080 ,0.0000 ,0.0000 ,0.0000 ,,0.0000 ,0.0000 ,0.0000 ,,,,,,,,,,,,,,,,,,,,,,,,,,,,,,,,,,,,,,,
,15,0.1188 ,0.1255 ,0.1361 ,0.1429 ,0.1098 ,0.1119 ,0.0944 ,0.1100 ,0.0755 ,0.1337 ,0.1224 ,0.1260 ,0.1637 ,,0.2011 ,0.1930 ,0.1800 ,0.2121 ,,0.2240 ,0.2570 ,0.1840 ,,0.1793 ,0.1670 ,0.1970 ,0.2250 ,0.1850 ,,0.1339 ,0.1930 ,0.1225 ,,,,,,,,,,,,,,,,,,,,,,,,,,,,,,,,,,,,,,,
,15.2,0.0000 ,0.0000 ,0.0000 ,0.0000 ,0.0000 ,0.0000 ,0.0000 ,0.0000 ,0.0000 ,0.0000 ,0.0000 ,0.0000 ,0.0000 ,,0.0000 ,0.0000 ,0.0000 ,0.0000 ,,0.0000 ,0.0000 ,0.0000 ,,0.0069 ,0.0000 ,0.0080 ,0.0000 ,0.0000 ,,0.0000 ,0.0000 ,0.0000 ,,,,,,,,,,,,,,,,,,,,,,,,,,,,,,,,,,,,,,,
,16,0.1375 ,0.1440 ,0.1133 ,0.1379 ,0.1098 ,0.1119 ,0.1778 ,0.1400 ,0.1604 ,0.1272 ,0.1208 ,0.1457 ,0.1250 ,,0.1298 ,0.1260 ,0.0870 ,0.0758 ,,0.1950 ,0.1810 ,0.1320 ,,0.1285 ,0.1140 ,0.1310 ,0.1580 ,0.1378 ,,0.0938 ,0.0860 ,0.1029 ,,,,,,,,,,,,,,,,,,,,,,,,,,,,,,,,,,,,,,,
,16.2,0.0000 ,0.0000 ,0.0000 ,0.0000 ,0.0000 ,0.0000 ,0.0000 ,0.0000 ,0.0000 ,0.0000 ,0.0000 ,0.0000 ,0.0000 ,,0.0000 ,0.0000 ,0.0000 ,0.0000 ,,0.0000 ,0.0000 ,0.0000 ,,0.0029 ,0.0000 ,0.0000 ,0.0000 ,0.0000 ,,0.0000 ,0.0000 ,0.0000 ,,,,,,,,,,,,,,,,,,,,,,,,,,,,,,,,,,,,,,,
,17,0.0938 ,0.0679 ,0.0627 ,0.0862 ,0.1037 ,0.0336 ,0.0389 ,0.1000 ,0.0943 ,0.0848 ,0.0801 ,0.0772 ,0.0744 ,,0.0722 ,0.0800 ,0.0670 ,0.0833 ,,0.0810 ,0.0740 ,0.1130 ,,0.0846 ,0.1140 ,0.0330 ,0.0670 ,0.0669 ,,0.1161 ,0.0970 ,0.1029 ,,,,,,,,,,,,,,,,,,,,,,,,,,,,,,,,,,,,,,,
,17.2,0.0000 ,0.0000 ,0.0000 ,0.0000 ,0.0000 ,0.0000 ,0.0000 ,0.0000 ,0.0000 ,0.0000 ,0.0000 ,0.0000 ,0.0000 ,,0.0000 ,0.0000 ,0.0000 ,0.0000 ,,0.0000 ,0.0000 ,0.0000 ,,0.0009 ,0.0000 ,0.0080 ,0.0000 ,0.0000 ,,0.0000 ,0.0000 ,0.0000 ,,,,,,,,,,,,,,,,,,,,,,,,,,,,,,,,,,,,,,,
,18,0.0813 ,0.0226 ,0.0373 ,0.0443 ,0.0549 ,0.0336 ,0.0111 ,0.0300 ,0.0283 ,0.0371 ,0.0287 ,0.0299 ,0.0298 ,,0.0420 ,0.0530 ,0.0450 ,0.0253 ,,0.0330 ,0.0360 ,0.0940 ,,0.0418 ,0.0180 ,0.0490 ,0.0330 ,0.0315 ,,0.0536 ,0.0580 ,0.0588 ,,,,,,,,,,,,,,,,,,,,,,,,,,,,,,,,,,,,,,,
,19,0.0625 ,0.0556 ,0.0783 ,0.0394 ,0.0427 ,0.0634 ,0.0667 ,0.0700 ,0.0566 ,0.0548 ,0.0468 ,0.0528 ,0.0446 ,,0.0356 ,0.0450 ,0.0540 ,0.0480 ,,0.0310 ,0.0290 ,0.0280 ,,0.0398 ,0.0080 ,0.0000 ,0.0000 ,0.0197 ,,0.0223 ,0.0670 ,0.0490 ,,,,,,,,,,,,,,,,,,,,,,,,,,,,,,,,,,,,,,,
,20,0.0375 ,0.0288 ,0.0410 ,0.0271 ,0.0366 ,0.0597 ,0.0500 ,0.0100 ,0.0377 ,0.0318 ,0.0242 ,0.0331 ,0.0179 ,,0.0283 ,0.0230 ,0.0280 ,0.0429 ,,0.0100 ,0.0380 ,0.0140 ,,0.0189 ,0.0000 ,0.0080 ,0.0170 ,0.0236 ,,0.0089 ,0.0370 ,0.0049 ,,,,,,,,,,,,,,,,,,,,,,,,,,,,,,,,,,,,,,,
,21,0.0188 ,0.0165 ,0.0253 ,0.0246 ,0.0244 ,0.0187 ,0.0222 ,0.0100 ,0.0094 ,0.0224 ,0.0227 ,0.0173 ,0.0357 ,,0.0174 ,0.0190 ,0.0260 ,0.0480 ,,0.0210 ,0.0070 ,0.0090 ,,0.0099 ,0.0080 ,0.0160 ,0.0000 ,0.0079 ,,0.0089 ,0.0090 ,0.0049 ,,,,,,,,,,,,,,,,,,,,,,,,,,,,,,,,,,,,,,,
,22,0.0000 ,0.0041 ,0.0133 ,0.0025 ,0.0183 ,0.0112 ,0.0111 ,0.0300 ,0.0189 ,0.0106 ,0.0136 ,0.0197 ,0.0179 ,,0.0137 ,0.0080 ,0.0040 ,0.0152 ,,0.0070 ,0.0120 ,0.0190 ,,0.0029 ,0.0080 ,0.0000 ,0.0000 ,0.0000 ,,0.0000 ,0.0020 ,0.0000 ,,,,,,,,,,,,,,,,,,,,,,,,,,,,,,,,,,,,,,,
,23,0.0125 ,0.0103 ,0.0024 ,0.0074 ,0.0061 ,0.0037 ,0.0111 ,0.0100 ,0.0000 ,0.0065 ,0.0030 ,0.0047 ,0.0089 ,,0.0055 ,0.0060 ,0.0040 ,0.0126 ,,0.0050 ,0.0050 ,0.0000 ,,0.0000 ,0.0000 ,0.0000 ,0.0000 ,0.0000 ,,0.0045 ,0.0000 ,0.0000 ,,,,,,,,,,,,,,,,,,,,,,,,,,,,,,,,,,,,,,,
,24,0.0000 ,0.0021 ,0.0012 ,0.0074 ,0.0000 ,0.0037 ,0.0111 ,0.0000 ,0.0094 ,0.0018 ,0.0045 ,0.0047 ,0.0000 ,,0.0073 ,0.0030 ,0.0000 ,0.0101 ,,0.0000 ,0.0000 ,0.0090 ,,0.0000 ,0.0000 ,0.0000 ,0.0000 ,0.0000 ,,0.0000 ,0.0000 ,0.0000 ,,,,,,,,,,,,,,,,,,,,,,,,,,,,,,,,,,,,,,,
,25,0.0000 ,0.0021 ,0.0048 ,0.0025 ,0.0000 ,0.0000 ,0.0000 ,0.0000 ,0.0000 ,0.0000 ,0.0015 ,0.0000 ,0.0000 ,,0.0018 ,0.0020 ,0.0000 ,0.0000 ,,0.0000 ,0.0000 ,0.0000 ,,0.0000 ,0.0000 ,0.0000 ,0.0000 ,0.0000 ,,0.0000 ,0.0000 ,0.0000 ,,,,,,,,,,,,,,,,,,,,,,,,,,,,,,,,,,,,,,,
,26,0.0000 ,0.0000 ,0.0000 ,0.0000 ,0.0000 ,0.0000 ,0.0000 ,0.0000 ,0.0000 ,0.0000 ,0.0000 ,0.0016 ,0.0000 ,,0.0009 ,0.0010 ,0.0000 ,0.0000 ,,0.0000 ,0.0000 ,0.0000 ,,0.0000 ,0.0000 ,0.0000 ,0.0000 ,0.0000 ,,0.0000 ,0.0000 ,0.0000 ,,,,,,,,,,,,,,,,,,,,,,,,,,,,,,,,,,,,,,,
,27,0.0000 ,0.0000 ,0.0000 ,0.0000 ,0.0000 ,0.0000 ,0.0000 ,0.0000 ,0.0000 ,0.0000 ,0.0000 ,0.0016 ,0.0000 ,,0.0009 ,0.0000 ,0.0000 ,0.0000 ,,0.0000 ,0.0000 ,0.0000 ,,0.0000 ,0.0000 ,0.0000 ,0.0000 ,0.0000 ,,0.0000 ,0.0000 ,0.0000 ,,,,,,,,,,,,,,,,,,,,,,,,,,,,,,,,,,,,,,,
,,,,,,,,,,,,,,,,,,,,,,,,,,,,,,,,,,,,,,,,,,,,,,,,,,,,,,,,,,,,,,,,,,,,,,,,
,,,,,,,,,,,,,,,,,,,,,,,,,,,,,,,,,,,,,,,,,,,,,,,,,,,,,,,,,,,,,,,,,,,,,,,,
Locus 13,FGA,Ngari,Qamdo,Lhasa,Nagqu,Nyingchi,Xigaz那,Shannan,Aba,Garz那,Qinghai,Yunnan,Gannan,Tianzhu,,Liaoning Han,Japanese,Korean,Mongolian,,Thailand,Malaysia malay,Philippine,,Pakistan,Oraon,Munda,Santal,Bangladesh,,Iran,Afghanistan,Iraq,,,,,,,,,,,,,,,,,,,,,,,,,,,,,,,,,,,,,,,
,14,0.0000 ,0.0000 ,0.0000 ,0.0000 ,0.0000 ,0.0000 ,0.0000 ,0.0000 ,0.0000 ,0.0000 ,0.0000 ,0.0000 ,0.0000 ,,0.0000 ,0.0000 ,0.0000 ,0.0000 ,,0.0000 ,0.0000 ,0.0000 ,,0.0000 ,0.0000 ,0.0000 ,0.0000 ,0.0000 ,,0.0000 ,0.0000 ,0.0000 ,,,,,,,,,,,,,,,,,,,,,,,,,,,,,,,,,,,,,,,
,16,0.0000 ,0.0000 ,0.0012 ,0.0000 ,0.0000 ,0.0000 ,0.0000 ,0.0000 ,0.0000 ,0.0000 ,0.0000 ,0.0000 ,0.0000 ,,0.0000 ,0.0000 ,0.0000 ,0.0000 ,,0.0000 ,0.0000 ,0.0000 ,,0.0000 ,0.0000 ,0.0250 ,0.0000 ,0.0000 ,,0.0000 ,0.0000 ,0.0000 ,,,,,,,,,,,,,,,,,,,,,,,,,,,,,,,,,,,,,,,
,17,0.0000 ,0.0000 ,0.0000 ,0.0000 ,0.0000 ,0.0000 ,0.0000 ,0.0000 ,0.0000 ,0.0018 ,0.0015 ,0.0008 ,0.0000 ,,0.0000 ,0.0050 ,0.0040 ,0.0000 ,,0.0020 ,0.0020 ,0.0000 ,,0.0009 ,0.0000 ,0.0000 ,0.0000 ,0.0000 ,,0.0000 ,0.0000 ,0.0000 ,,,,,,,,,,,,,,,,,,,,,,,,,,,,,,,,,,,,,,,
,17.2,0.0000 ,0.0000 ,0.0000 ,0.0000 ,0.0000 ,0.0000 ,0.0000 ,0.0000 ,0.0000 ,0.0000 ,0.0000 ,0.0000 ,0.0000 ,,0.0000 ,0.0000 ,0.0000 ,0.0000 ,,0.0000 ,0.0000 ,0.0000 ,,0.0000 ,0.0000 ,0.0000 ,0.0000 ,0.0000 ,,0.0000 ,0.0000 ,0.0000 ,,,,,,,,,,,,,,,,,,,,,,,,,,,,,,,,,,,,,,,
,18,0.0438 ,0.0370 ,0.0325 ,0.0296 ,0.0366 ,0.0299 ,0.0333 ,0.0300 ,0.0472 ,0.0306 ,0.0302 ,0.0362 ,0.0149 ,,0.0238 ,0.0270 ,0.0350 ,0.0152 ,,0.0260 ,0.0050 ,0.0140 ,,0.0069 ,0.0170 ,0.0500 ,0.0250 ,0.0157 ,,0.0087 ,0.0080 ,0.0049 ,,,,,,,,,,,,,,,,,,,,,,,,,,,,,,,,,,,,,,,
,18.2,0.0000 ,0.0000 ,0.0000 ,0.0000 ,0.0000 ,0.0000 ,0.0000 ,0.0000 ,0.0000 ,0.0000 ,0.0000 ,0.0000 ,0.0000 ,,0.0000 ,0.0000 ,0.0000 ,0.0000 ,,0.0000 ,0.0000 ,0.0000 ,,0.0000 ,0.0080 ,0.0000 ,0.0000 ,0.0000 ,,0.0000 ,0.0000 ,0.0000 ,,,,,,,,,,,,,,,,,,,,,,,,,,,,,,,,,,,,,,,
,19,0.1125 ,0.0782 ,0.0699 ,0.0591 ,0.0732 ,0.0709 ,0.0667 ,0.0700 ,0.0377 ,0.0465 ,0.0483 ,0.0535 ,0.0506 ,,0.0612 ,0.0850 ,0.0690 ,0.0455 ,,0.0500 ,0.0620 ,0.0710 ,,0.0338 ,0.1000 ,0.0500 ,0.0660 ,0.0472 ,,0.0435 ,0.0380 ,0.0777 ,,,,,,,,,,,,,,,,,,,,,,,,,,,,,,,,,,,,,,,
,19.2,0.0000 ,0.0000 ,0.0000 ,0.0000 ,0.0000 ,0.0000 ,0.0000 ,0.0000 ,0.0000 ,0.0000 ,0.0000 ,0.0000 ,0.0000 ,,0.0000 ,0.0000 ,0.0000 ,0.0000 ,,0.0000 ,0.0000 ,0.0000 ,,0.0000 ,0.0080 ,0.0080 ,0.0000 ,0.0000 ,,0.0000 ,0.0000 ,0.0000 ,,,,,,,,,,,,,,,,,,,,,,,,,,,,,,,,,,,,,,,
,20,0.0250 ,0.0391 ,0.0446 ,0.0271 ,0.0488 ,0.0149 ,0.0278 ,0.0100 ,0.0189 ,0.0453 ,0.0468 ,0.0323 ,0.0625 ,,0.0411 ,0.0940 ,0.0450 ,0.0581 ,,0.0790 ,0.0670 ,0.0660 ,,0.1145 ,0.1080 ,0.1330 ,0.0980 ,0.1260 ,,0.1130 ,0.1160 ,0.0631 ,,,,,,,,,,,,,,,,,,,,,,,,,,,,,,,,,,,,,,,
,20.2,0.0000 ,0.0000 ,0.0000 ,0.0000 ,0.0000 ,0.0075 ,0.0000 ,0.0000 ,0.0000 ,0.0006 ,0.0000 ,0.0000 ,0.0000 ,,0.0000 ,0.0000 ,0.0020 ,0.0000 ,,0.0020 ,0.0050 ,0.0000 ,,0.0000 ,0.0000 ,0.0000 ,0.0000 ,0.0118 ,,0.0000 ,0.0020 ,0.0000 ,,,,,,,,,,,,,,,,,,,,,,,,,,,,,,,,,,,,,,,
,21,0.0438 ,0.0473 ,0.0458 ,0.0640 ,0.0427 ,0.0672 ,0.0778 ,0.0900 ,0.0660 ,0.0671 ,0.0619 ,0.0780 ,0.1220 ,,0.1133 ,0.1460 ,0.1410 ,0.1110 ,,0.1290 ,0.1600 ,0.1600 ,,0.1484 ,0.0420 ,0.0580 ,0.0330 ,0.1063 ,,0.1391 ,0.1740 ,0.1650 ,,,,,,,,,,,,,,,,,,,,,,,,,,,,,,,,,,,,,,,
,21.2,0.0000 ,0.0000 ,0.0024 ,0.0000 ,0.0000 ,0.0000 ,0.0000 ,0.0200 ,0.0000 ,0.0012 ,0.0015 ,0.0000 ,0.0089 ,,0.0064 ,0.0000 ,0.0000 ,0.0000 ,,0.0210 ,0.0140 ,0.0090 ,,0.0109 ,0.0080 ,0.0330 ,0.0160 ,0.0039 ,,0.0348 ,0.0090 ,0.0000 ,,,,,,,,,,,,,,,,,,,,,,,,,,,,,,,,,,,,,,,
,22,0.1188 ,0.1543 ,0.1614 ,0.1650 ,0.1524 ,0.1381 ,0.1611 ,0.1500 ,0.1321 ,0.1741 ,0.1662 ,0.1740 ,0.1310 ,,0.1636 ,0.1820 ,0.1690 ,0.1465 ,,0.2070 ,0.2000 ,0.2260 ,,0.1454 ,0.2250 ,0.2080 ,0.1970 ,0.1417 ,,0.1957 ,0.1580 ,0.1602 ,,,,,,,,,,,,,,,,,,,,,,,,,,,,,,,,,,,,,,,
,22.2,0.0063 ,0.0082 ,0.0072 ,0.0000 ,0.0061 ,0.0037 ,0.0056 ,0.0000 ,0.0094 ,0.0012 ,0.0091 ,0.0063 ,0.0000 ,,0.0046 ,0.0010 ,0.0000 ,0.0000 ,,0.0120 ,0.0050 ,0.0000 ,,0.0099 ,0.0170 ,0.0080 ,0.0000 ,0.0000 ,,0.0087 ,0.0050 ,0.0000 ,,,,,,,,,,,,,,,,,,,,,,,,,,,,,,,,,,,,,,,
,23,0.2500 ,0.1975 ,0.2217 ,0.2118 ,0.2012 ,0.2575 ,0.2167 ,0.2000 ,0.1981 ,0.2135 ,0.2460 ,0.1866 ,0.1875 ,,0.2294 ,0.1980 ,0.2250 ,0.2626 ,,0.1860 ,0.1210 ,0.2170 ,,0.1723 ,0.2330 ,0.2000 ,0.2870 ,0.1890 ,,0.1217 ,0.1830 ,0.1990 ,,,,,,,,,,,,,,,,,,,,,,,,,,,,,,,,,,,,,,,
,23.2,0.0188 ,0.0165 ,0.0084 ,0.0172 ,0.0122 ,0.0075 ,0.0167 ,0.0500 ,0.0377 ,0.0118 ,0.0211 ,0.0173 ,0.0149 ,,0.0055 ,0.0020 ,0.0020 ,0.0000 ,,0.0070 ,0.0120 ,0.0050 ,,0.0000 ,0.0000 ,0.0000 ,0.0000 ,0.0039 ,,0.0043 ,0.0020 ,0.0000 ,,,,,,,,,,,,,,,,,,,,,,,,,,,,,,,,,,,,,,,
,24,0.2063 ,0.2222 ,0.2060 ,0.2340 ,0.1768 ,0.1642 ,0.1722 ,0.1900 ,0.2358 ,0.1888 ,0.1782 ,0.2024 ,0.2143 ,,0.1728 ,0.1500 ,0.1800 ,0.1944 ,,0.1100 ,0.1760 ,0.1320 ,,0.1932 ,0.1170 ,0.1330 ,0.1230 ,0.1969 ,,0.1391 ,0.1710 ,0.2087 ,,,,,,,,,,,,,,,,,,,,,,,,,,,,,,,,,,,,,,,
,24.2,0.0000 ,0.0267 ,0.0181 ,0.0123 ,0.0122 ,0.0187 ,0.0056 ,0.0100 ,0.0472 ,0.0124 ,0.0196 ,0.0063 ,0.0089 ,,0.0055 ,0.0020 ,0.0000 ,0.0051 ,,0.0050 ,0.0050 ,0.0000 ,,0.0029 ,0.0000 ,0.0000 ,0.0250 ,0.0157 ,,0.0043 ,0.0030 ,0.0049 ,,,,,,,,,,,,,,,,,,,,,,,,,,,,,,,,,,,,,,,
,25,0.1063 ,0.1049 ,0.0904 ,0.1133 ,0.1463 ,0.1119 ,0.1278 ,0.1100 ,0.1321 ,0.1141 ,0.1042 ,0.1236 ,0.1399 ,,0.0969 ,0.0640 ,0.0950 ,0.1010 ,,0.0930 ,0.0830 ,0.0520 ,,0.1045 ,0.0750 ,0.0500 ,0.0410 ,0.0984 ,,0.1261 ,0.0920 ,0.0728 ,,,,,,,,,,,,,,,,,,,,,,,,,,,,,,,,,,,,,,,
,25.2,0.0125 ,0.0062 ,0.0048 ,0.0049 ,0.0061 ,0.0112 ,0.0111 ,0.0000 ,0.0000 ,0.0088 ,0.0030 ,0.0055 ,0.0030 ,,0.0037 ,0.0040 ,0.0000 ,0.0025 ,,0.0120 ,0.0100 ,0.0000 ,,0.0019 ,0.0000 ,0.0000 ,0.0250 ,0.0039 ,,0.0000 ,0.0000 ,0.0000 ,,,,,,,,,,,,,,,,,,,,,,,,,,,,,,,,,,,,,,,
,26,0.0188 ,0.0350 ,0.0410 ,0.0345 ,0.0549 ,0.0597 ,0.0278 ,0.0500 ,0.0189 ,0.0535 ,0.0393 ,0.0449 ,0.0268 ,,0.0548 ,0.0310 ,0.0300 ,0.0480 ,,0.0400 ,0.0500 ,0.0380 ,,0.0428 ,0.0080 ,0.0080 ,0.0410 ,0.0276 ,,0.0435 ,0.0330 ,0.0340 ,,,,,,,,,,,,,,,,,,,,,,,,,,,,,,,,,,,,,,,
,26.2,0.0000 ,0.0041 ,0.0048 ,0.0025 ,0.0000 ,0.0075 ,0.0000 ,0.0000 ,0.0000 ,0.0012 ,0.0045 ,0.0039 ,0.0000 ,,0.0009 ,0.0000 ,0.0000 ,0.0000 ,,0.0050 ,0.0000 ,0.0000 ,,0.0000 ,0.0000 ,0.0080 ,0.0160 ,0.0000 ,,0.0000 ,0.0000 ,0.0000 ,,,,,,,,,,,,,,,,,,,,,,,,,,,,,,,,,,,,,,,
,27,0.0188 ,0.0062 ,0.0157 ,0.0172 ,0.0122 ,0.0149 ,0.0222 ,0.0100 ,0.0094 ,0.0218 ,0.0166 ,0.0158 ,0.0119 ,,0.0101 ,0.0070 ,0.0000 ,0.0076 ,,0.0100 ,0.0170 ,0.0050 ,,0.0109 ,0.0170 ,0.0170 ,0.0000 ,0.0118 ,,0.0130 ,0.0090 ,0.0097 ,,,,,,,,,,,,,,,,,,,,,,,,,,,,,,,,,,,,,,,
,27.2,0.0063 ,0.0000 ,0.0012 ,0.0000 ,0.0000 ,0.0000 ,0.0000 ,0.0000 ,0.0000 ,0.0006 ,0.0000 ,0.0000 ,0.0000 ,,0.0000 ,0.0000 ,0.0000 ,0.0000 ,,0.0000 ,0.0000 ,0.0000 ,,0.0000 ,0.0000 ,0.0000 ,0.0000 ,0.0000 ,,0.0000 ,0.0000 ,0.0000 ,,,,,,,,,,,,,,,,,,,,,,,,,,,,,,,,,,,,,,,
,28,0.0125 ,0.0165 ,0.0169 ,0.0074 ,0.0183 ,0.0149 ,0.0278 ,0.0100 ,0.0000 ,0.0035 ,0.0015 ,0.0095 ,0.0030 ,,0.0064 ,0.0020 ,0.0000 ,0.0025 ,,0.0050 ,0.0070 ,0.0000 ,,0.0000 ,0.0000 ,0.0000 ,0.0000 ,0.0000 ,,0.0043 ,0.0000 ,0.0000 ,,,,,,,,,,,,,,,,,,,,,,,,,,,,,,,,,,,,,,,
,29,0.0000 ,0.0000 ,0.0048 ,0.0000 ,0.0000 ,0.0000 ,0.0000 ,0.0000 ,0.0094 ,0.0018 ,0.0000 ,0.0032 ,0.0000 ,,0.0000 ,0.0000 ,0.0000 ,0.0000 ,,0.0000 ,0.0000 ,0.0000 ,,0.0000 ,0.0000 ,0.0000 ,0.0000 ,0.0000 ,,0.0000 ,0.0000 ,0.0000 ,,,,,,,,,,,,,,,,,,,,,,,,,,,,,,,,,,,,,,,
,30,0.0000 ,0.0000 ,0.0012 ,0.0000 ,0.0000 ,0.0000 ,0.0000 ,0.0000 ,0.0000 ,0.0000 ,0.0000 ,0.0000 ,0.0000 ,,0.0000 ,0.0000 ,0.0000 ,0.0000 ,,0.0000 ,0.0000 ,0.0000 ,,0.0000 ,0.0080 ,0.0000 ,0.0080 ,0.0000 ,,0.0000 ,0.0000 ,0.0000 ,,,,,,,,,,,,,,,,,,,,,,,,,,,,,,,,,,,,,,,
,31.2,0.0000 ,0.0000 ,0.0000 ,0.0000 ,0.0000 ,0.0000 ,0.0000 ,0.0000 ,0.0000 ,0.0000 ,0.0000 ,0.0000 ,0.0000 ,,0.0000 ,0.0000 ,0.0000 ,0.0000 ,,0.0000 ,0.0000 ,0.0000 ,,0.0000 ,0.0080 ,0.0000 ,0.0000 ,0.0000 ,,0.0000 ,0.0000 ,0.0000 ,,,,,,,,,,,,,,,,,,,,,,,,,,,,,,,,,,,,,,,
,,,,,,,,,,,,,,,,,,,,,,,,,,,,,,,,,,,,,,,,,,,,,,,,,,,,,,,,,,,,,,,,,,,,,,,,
,,,,,,,,,,,,,,,,,,,,,,,,,,,,,,,,,,,,,,,,,,,,,,,,,,,,,,,,,,,,,,,,,,,,,,,,
,,,,,,,,,,,,,,,,,,,,,,,,,,,,,,,,,,,,,,,,,,,,,,,,,,,,,,,,,,,,,,,,,,,,,,,,
,,,,,,,,,,,,,,,,,,,,,,,,,,,,,,,,,,,,,,,,,,,,,,,,,,,,,,,,,,,,,,,,,,,,,,,,
,,,,,,,,,,,,,,,,,,,,,,,,,,,,,,,,,,,,,,,,,,,,,,,,,,,,,,,,,,,,,,,,,,,,,,,,
